UID,SITE_ID,VISIT_NO,DATE_COL,AGGR_ECO3_2015,AGGR_ECO9_2015,STATE,ECO_BIO,LAB,METHYLMERCURY_BATCH_ID,TOTALHG_BATCH_ID,METHYLMERCURY_UNITS,TOTALHG_UNITS,METHYLMERCURY_RESULT,TOTALHG_RESULT,SEDH_SAMPLE_ID,PUBLICATION_DATE
6160,NLA12_CA-143,1,5/2/2012,WMTNS,XER,CA,WMTNS,USGS-MRL,,,ng/g,ng/g,0.82,108.97,620763,8/19/2016
6187,NLA12_AZ-101,1,5/8/2012,WMTNS,XER,AZ,WMTNS,USGS-MRL,,,ng/g,ng/g,0.35,76.19,620433,8/19/2016
6189,NLA12_ND-115,1,5/16/2012,PLNLOW,NPL,ND,PLAINS,USGS-MRL,,,ng/g,ng/g,0.15,45.09,625533,8/19/2016
6192,NLA12_AZ-118,1,5/9/2012,WMTNS,XER,AZ,WMTNS,USGS-MRL,,,ng/g,ng/g,0.27,53.05,620553,8/19/2016
6194,NLA12_UT-103,1,5/9/2012,WMTNS,WMT,UT,WMTNS,USGS-MRL,,,ng/g,ng/g,2.2,41.34,620073,8/19/2016
6195,NLA12_AZ-130,1,5/10/2012,WMTNS,XER,AZ,WMTNS,USGS-MRL,,,ng/g,ng/g,0.33,48.26,620703,8/19/2016
6212,NLA12_FL-101,1,5/14/2012,PLNLOW,CPL,FL,CPL,USGS-MRL,,,ng/g,ng/g,3,282,626133,8/19/2016
6216,NLA12_UT-101,1,5/15/2012,WMTNS,WMT,UT,WMTNS,USGS-MRL,,,ng/g,ng/g,0.61,24.33,620163,8/19/2016
6217,NLA12_ND-112,1,5/15/2012,PLNLOW,NPL,ND,PLAINS,USGS-MRL,,,ng/g,ng/g,0.33,23.72,625473,8/19/2016
6226,NLA12_GA-112,1,5/16/2012,EHIGH,SAP,GA,EHIGH,USGS-MRL,,,ng/g,ng/g,0.21,47.26,620043,8/19/2016
6227,NLA12_UT-108,1,5/17/2012,WMTNS,WMT,UT,WMTNS,USGS-MRL,,,ng/g,ng/g,0.14,27.46,620193,8/19/2016
6228,NLA12_FL-107,1,5/17/2012,PLNLOW,CPL,FL,CPL,USGS-MRL,,,ng/g,ng/g,1.1,367.65,626223,8/19/2016
6231,NLA12_FL-110,1,5/18/2012,PLNLOW,CPL,FL,CPL,USGS-MRL,,,ng/g,ng/g,0.64,289.26,625323,8/19/2016
6232,NLA12_FL-106,1,5/20/2012,PLNLOW,CPL,FL,CPL,USGS-MRL,,,ng/g,ng/g,1.5,489.3,625353,8/19/2016
6233,NLA12_FL-104,1,5/19/2012,PLNLOW,CPL,FL,CPL,USGS-MRL,,,ng/g,ng/g,0.08,5.08,626343,8/19/2016
6235,NLA12_CA-168,1,5/21/2012,WMTNS,XER,CA,WMTNS,USGS-MRL,,,ng/g,ng/g,0.3,109.42,625773,8/19/2016
6236,NLA12_OK-122,1,5/21/2012,PLNLOW,SPL,OK,PLAINS,USGS-MRL,,,ng/g,ng/g,0.09,22.4,621963,8/19/2016
6250,NLA12_CA-106,1,5/22/2012,WMTNS,XER,CA,WMTNS,USGS-MRL,,,ng/g,ng/g,0.08,24.67,625803,8/19/2016
6251,NLA12_FL-114,1,5/21/2012,PLNLOW,CPL,FL,CPL,USGS-MRL,,,ng/g,ng/g,0.56,419.35,626283,8/19/2016
6270,NLA12_OK-118,1,5/23/2012,PLNLOW,SPL,OK,PLAINS,USGS-MRL,,,ng/g,ng/g,0.89,27.27,621933,8/19/2016
6279,NLA12_CA-172,1,5/23/2012,WMTNS,XER,CA,WMTNS,USGS-MRL,,,ng/g,ng/g,0.24,72.14,625743,8/19/2016
6281,NLA12_AZ-127,1,5/23/2012,WMTNS,WMT,AZ,WMTNS,USGS-MRL,,,ng/g,ng/g,1.2,73.28,627093,8/19/2016
6284,NLA12_KY-101,1,5/24/2012,EHIGH,SAP,KY,EHIGH,USGS-MRL,,,ng/g,ng/g,0.44,71.81,627303,8/19/2016
6285,NLA12_KY-107,1,5/23/2012,EHIGH,SAP,KY,EHIGH,USGS-MRL,,,ng/g,ng/g,0.22,85.11,627213,8/19/2016
6286,NLA12_NC-107,1,5/23/2012,PLNLOW,CPL,NC,CPL,USGS-MRL,,,ng/g,ng/g,0.75,98.04,628473,8/19/2016
6293,NLA12_GA-101,1,5/24/2012,PLNLOW,CPL,GA,CPL,USGS-MRL,,,ng/g,ng/g,0.1,106.31,624963,8/19/2016
6303,NLA12_KY-103,1,5/25/2012,EHIGH,SAP,KY,EHIGH,USGS-MRL,,,ng/g,ng/g,0.62,55.56,627273,8/19/2016
6318,NLA12_OK-293,1,5/29/2012,PLNLOW,SPL,OK,PLAINS,USGS-MRL,,,ng/g,ng/g,1.6,25.15,621993,8/19/2016
6319,NLA12_NM-132,1,5/28/2012,WMTNS,WMT,NM,WMTNS,USGS-MRL,,,ng/g,ng/g,0.52,49.18,625203,8/19/2016
6321,NLA12_SC-105,1,5/27/2012,PLNLOW,CPL,SC,CPL,USGS-MRL,,,ng/g,ng/g,3.2,437.71,628563,8/19/2016
6326,NLA12_SC-108,1,5/28/2012,PLNLOW,CPL,SC,CPL,USGS-MRL,,,ng/g,ng/g,0.69,142.32,627933,8/19/2016
6341,NLA12_NM-152,1,5/29/2012,PLNLOW,SPL,NM,PLAINS,USGS-MRL,,,ng/g,ng/g,0.08,23.08,625233,8/19/2016
6342,NLA12_CO-110,1,5/29/2012,PLNLOW,SPL,CO,PLAINS,USGS-MRL,,,ng/g,ng/g,0.49,95.08,632073,8/19/2016
6344,NLA12_ND-101,1,5/30/2012,PLNLOW,TPL,ND,PLAINS,USGS-MRL,,,ng/g,ng/g,0.61,54.85,625563,8/19/2016
6345,NLA12_KY-104,1,5/30/2012,PLNLOW,CPL,KY,CPL,USGS-MRL,,,ng/g,ng/g,0.71,115.07,628353,8/19/2016
6346,NLA12_KS-130,1,5/30/2012,PLNLOW,TPL,KS,PLAINS,USGS-MRL,,,ng/g,ng/g,0.55,41.03,627813,8/19/2016
6347,NLA12_PA-108,1,5/30/2012,PLNLOW,CPL,PA,CPL,USGS-MRL,,,ng/g,ng/g,0.2,41.35,620673,8/19/2016
6359,NLA12_NC-105,1,5/30/2012,EHIGH,SAP,NC,EHIGH,USGS-MRL,,,ng/g,ng/g,0.27,66.31,628593,8/19/2016
6361,NLA12_NM-105,1,5/30/2012,PLNLOW,SPL,NM,PLAINS,USGS-MRL,,,ng/g,ng/g,0.12,18.78,623073,8/19/2016
6362,NLA12_SD-101,1,5/31/2012,PLNLOW,NPL,SD,PLAINS,USGS-MRL,,,ng/g,ng/g,0.1,69.77,627363,8/19/2016
6372,NLA12_NM-104,1,6/1/2012,WMTNS,XER,NM,WMTNS,USGS-MRL,,,ng/g,ng/g,2.6,59.52,625443,8/19/2016
6373,NLA12_KY-120,1,5/31/2012,PLNLOW,CPL,KY,CPL,USGS-MRL,,,ng/g,ng/g,0.64,89.29,627333,8/19/2016
6374,NLA12_KY-122,1,6/3/2012,EHIGH,SAP,KY,EHIGH,USGS-MRL,,,ng/g,ng/g,0.85,47.62,628383,8/19/2016
6381,NLA12_TN-114,1,5/31/2012,PLNLOW,CPL,TN,CPL,USGS-MRL,,,ng/g,ng/g,0.69,121.21,630363,8/19/2016
6394,NLA12_TN-113,1,6/1/2012,PLNLOW,CPL,TN,CPL,USGS-MRL,,,ng/g,ng/g,0.58,127.74,630093,8/19/2016
6396,NLA12_KY-102,1,6/1/2012,EHIGH,SAP,KY,EHIGH,USGS-MRL,,,ng/g,ng/g,1,95.62,628413,8/19/2016
6397,NLA12_SC-106,1,6/1/2012,EHIGH,SAP,SC,EHIGH,USGS-MRL,,,ng/g,ng/g,0.16,27.27,633903,8/19/2016
6398,NLA12_NC-109,1,6/4/2012,EHIGH,SAP,NC,EHIGH,USGS-MRL,,,ng/g,ng/g,0.63,129.63,634023,8/19/2016
6399,NLA12_NC-101,1,6/3/2012,EHIGH,SAP,NC,EHIGH,USGS-MRL,,,ng/g,ng/g,0.32,101.01,633963,8/19/2016
6400,NLA12_NC-108,1,6/2/2012,EHIGH,SAP,NC,EHIGH,USGS-MRL,,,ng/g,ng/g,1.3,85.27,627873,8/19/2016
6402,NLA12_SD-138,1,6/4/2012,PLNLOW,TPL,SD,PLAINS,USGS-MRL,,,ng/g,ng/g,0.58,63.49,627543,8/19/2016
6403,NLA12_NM-117,1,6/3/2012,WMTNS,WMT,NM,WMTNS,USGS-MRL,,,ng/g,ng/g,2.8,62.99,625383,8/19/2016
6404,NLA12_KS-108,1,6/4/2012,PLNLOW,TPL,KS,PLAINS,USGS-MRL,,,ng/g,ng/g,0.39,40.23,624513,8/19/2016
6411,NLA12_KY-114,1,6/4/2012,PLNLOW,TPL,KY,PLAINS,USGS-MRL,,,ng/g,ng/g,0.43,67.14,628323,8/19/2016
6412,NLA12_NM-133,1,6/4/2012,WMTNS,WMT,NM,WMTNS,USGS-MRL,,,ng/g,ng/g,0.79,104.55,624993,8/19/2016
6414,NLA12_MS-107,1,6/4/2012,PLNLOW,CPL,MS,CPL,USGS-MRL,,,ng/g,ng/g,0.5,101.16,629973,8/19/2016
6415,NLA12_MS-106,1,6/2/2012,PLNLOW,CPL,MS,CPL,USGS-MRL,,,ng/g,ng/g,0.35,90.2,630123,8/19/2016
6416,NLA12_IA-107,1,6/4/2012,PLNLOW,TPL,IA,PLAINS,USGS-MRL,,,ng/g,ng/g,1.2,80.32,621723,8/19/2016
6417,NLA12_SD-130,1,6/5/2012,PLNLOW,TPL,SD,PLAINS,USGS-MRL,,,ng/g,ng/g,2.4,55.81,627393,8/19/2016
6421,NLA12_KS-109,1,6/5/2012,PLNLOW,TPL,KS,PLAINS,USGS-MRL,,,ng/g,ng/g,0.86,40.15,624543,8/19/2016
6422,NLA12_SD-182,1,6/5/2012,PLNLOW,TPL,SD,PLAINS,USGS-MRL,,,ng/g,ng/g,0.48,72.37,628443,8/19/2016
6424,NLA12_VA-109,1,6/5/2012,EHIGH,SAP,VA,EHIGH,USGS-MRL,,,ng/g,ng/g,0.25,46.03,623553,8/19/2016
6427,NLA12_MT-113,1,6/5/2012,PLNLOW,NPL,MT,PLAINS,USGS-MRL,,,ng/g,ng/g,0.22,15.69,621003,8/19/2016
6428,NLA12_KY-117,1,6/5/2012,EHIGH,SAP,KY,EHIGH,USGS-MRL,,,ng/g,ng/g,0.44,49.3,627243,8/19/2016
6437,NLA12_KS-103,1,6/6/2012,PLNLOW,TPL,KS,PLAINS,USGS-MRL,,,ng/g,ng/g,0.25,41.03,632943,8/19/2016
6438,NLA12_VA-116,1,6/6/2012,EHIGH,SAP,VA,EHIGH,USGS-MRL,,,ng/g,ng/g,1.5,78.28,623313,8/19/2016
6444,NLA12_SC-103,1,6/5/2012,EHIGH,SAP,SC,EHIGH,USGS-MRL,,,ng/g,ng/g,1.9,161.05,633813,8/19/2016
6445,NLA12_SD-104,1,6/6/2012,PLNLOW,TPL,SD,PLAINS,USGS-MRL,,,ng/g,ng/g,0.57,58.96,627483,8/19/2016
6446,NLA12_SD-122,1,6/6/2012,PLNLOW,TPL,SD,PLAINS,USGS-MRL,,,ng/g,ng/g,0.81,55.56,628293,8/19/2016
6447,NLA12_UT-112,1,6/5/2012,WMTNS,WMT,UT,WMTNS,USGS-MRL,,,ng/g,ng/g,0.18,36.5,620343,8/19/2016
6449,NLA12_UT-128,1,6/6/2012,WMTNS,XER,UT,WMTNS,USGS-MRL,,,ng/g,ng/g,0.24,30.11,620133,8/19/2016
6451,NLA12_PA-107,1,6/6/2012,EHIGH,SAP,PA,EHIGH,USGS-MRL,,,ng/g,ng/g,0.59,98.55,620853,8/19/2016
6462,NLA12_MO-109,1,6/5/2012,PLNLOW,TPL,MO,PLAINS,USGS-MRL,,,ng/g,ng/g,0.47,41.19,629313,8/19/2016
6464,NLA12_IA-132,1,6/7/2012,PLNLOW,TPL,IA,PLAINS,USGS-MRL,,,ng/g,ng/g,0.46,70.56,629373,8/19/2016
6469,NLA12_NC-116,1,6/6/2012,EHIGH,SAP,NC,EHIGH,USGS-MRL,,,ng/g,ng/g,0.99,178.77,627903,8/19/2016
6470,NLA12_MN-145,1,6/6/2012,PLNLOW,UMW,MN,UMW,USGS-MRL,,,ng/g,ng/g,2.9,158.68,628983,8/19/2016
6471,NLA12_MN-118,1,6/7/2012,PLNLOW,UMW,MN,UMW,USGS-MRL,,,ng/g,ng/g,1.8,126.98,629073,8/19/2016
6472,NLA12_MN-111,1,6/7/2012,PLNLOW,UMW,MN,UMW,USGS-MRL,,,ng/g,ng/g,2.1,141.46,632043,8/19/2016
6475,NLA12_ND-104,1,6/7/2012,PLNLOW,NPL,ND,PLAINS,USGS-MRL,,,ng/g,ng/g,0.63,60.38,632133,8/19/2016
6476,NLA12_ND-118,1,6/7/2012,PLNLOW,NPL,ND,PLAINS,USGS-MRL,,,ng/g,ng/g,0.47,43.34,623613,8/19/2016
6477,NLA12_NM-150,1,6/6/2012,WMTNS,XER,NM,WMTNS,USGS-MRL,,,ng/g,ng/g,0.1,38.8,625293,8/19/2016
6478,NLA12_UT-104,1,6/7/2012,WMTNS,XER,UT,WMTNS,USGS-MRL,,,ng/g,ng/g,0.16,43.1,620943,8/19/2016
6481,NLA12_NV-106,1,6/7/2012,WMTNS,XER,NV,WMTNS,USGS-MRL,,,ng/g,,3.3,,626013,8/19/2016
6482,NLA12_NV-101,1,6/6/2012,WMTNS,XER,NV,WMTNS,USGS-MRL,,,ng/g,ng/g,0.58,43.45,626043,8/19/2016
6485,NLA12_KS-125,1,6/8/2012,PLNLOW,TPL,KS,PLAINS,USGS-MRL,,,ng/g,ng/g,0.42,53.01,627723,8/19/2016
6500,NLA12_NM-134,1,6/7/2012,WMTNS,XER,NM,WMTNS,USGS-MRL,,,ng/g,ng/g,0.26,40.16,624753,8/19/2016
6501,NLA12_NM-138,1,6/8/2012,WMTNS,WMT,NM,WMTNS,USGS-MRL,,,ng/g,ng/g,1.8,25.1,624723,8/19/2016
6504,NLA12_NC-103,1,6/7/2012,PLNLOW,CPL,NC,CPL,USGS-MRL,,,ng/g,ng/g,1,103.06,633843,8/19/2016
6507,NLA12_NM-129,1,6/10/2012,PLNLOW,SPL,NM,PLAINS,USGS-MRL,,,ng/g,ng/g,0.13,17.68,623103,8/19/2016
6517,NLA12_MO-107,1,6/7/2012,PLNLOW,CPL,MO,CPL,USGS-MRL,,,ng/g,ng/g,0.66,58.82,629343,8/19/2016
6525,NLA12_OK-121,1,6/11/2012,PLNLOW,SPL,OK,PLAINS,USGS-MRL,,,ng/g,ng/g,0.17,48,633483,8/19/2016
6526,NLA12_MN-132,1,6/11/2012,PLNLOW,UMW,MN,UMW,USGS-MRL,,,ng/g,ng/g,1,34.1,631923,8/19/2016
6527,NLA12_UT-102,1,6/11/2012,WMTNS,XER,UT,WMTNS,USGS-MRL,,,ng/g,ng/g,1.6,28.99,620253,8/19/2016
6530,NLA12_IA-105,1,6/11/2012,PLNLOW,TPL,IA,PLAINS,USGS-MRL,,,ng/g,ng/g,0.51,85.2,626703,8/19/2016
6532,NLA12_NM-160,1,6/11/2012,PLNLOW,SPL,NM,PLAINS,USGS-MRL,,,ng/g,ng/g,0.08,32.38,623133,8/19/2016
6534,NLA12_MS-101,1,6/9/2012,PLNLOW,CPL,MS,CPL,USGS-MRL,,,ng/g,ng/g,0.61,58.82,634443,8/19/2016
6535,NLA12_MS-102,1,6/10/2012,PLNLOW,CPL,MS,CPL,USGS-MRL,,,ng/g,ng/g,0.6,168.54,634383,8/19/2016
6536,NLA12_MS-104,1,6/8/2012,PLNLOW,CPL,MS,CPL,USGS-MRL,,,ng/g,ng/g,0.66,101.01,630003,8/19/2016
6537,NLA12_PA-101,1,6/12/2012,EHIGH,SAP,PA,EHIGH,USGS-MRL,,,ng/g,ng/g,0.42,77.59,620613,8/19/2016
6538,NLA12_ND-139,1,6/12/2012,PLNLOW,NPL,ND,PLAINS,USGS-MRL,,,ng/g,ng/g,1.4,52.17,634053,8/19/2016
6541,NLA12_IA-120,1,6/12/2012,PLNLOW,TPL,IA,PLAINS,USGS-MRL,,,ng/g,ng/g,0.44,50.96,629823,8/19/2016
6542,NLA12_MT-104,1,6/12/2012,PLNLOW,NPL,MT,PLAINS,USGS-MRL,,,ng/g,ng/g,1.6,28.69,627963,8/19/2016
6543,NLA12_SD-114,1,6/12/2012,PLNLOW,TPL,SD,PLAINS,USGS-MRL,,,ng/g,ng/g,0.13,49.69,627573,8/19/2016
6544,NLA12_SD-115,1,6/12/2012,PLNLOW,TPL,SD,PLAINS,USGS-MRL,,,ng/g,ng/g,0.33,49.08,627513,8/19/2016
6546,NLA12_ND-146,1,6/12/2012,PLNLOW,TPL,ND,PLAINS,USGS-MRL,,,ng/g,ng/g,0.55,51.72,623643,8/19/2016
6547,NLA12_MN-120,1,6/12/2012,PLNLOW,UMW,MN,UMW,USGS-MRL,,,ng/g,ng/g,0.33,20.2,631983,8/19/2016
6548,NLA12_MN-122,1,6/12/2012,PLNLOW,UMW,MN,UMW,USGS-MRL,,,ng/g,ng/g,0.6,82.9,631893,8/19/2016
6549,NLA12_NH-108,1,6/12/2012,EHIGH,NAP,NH,EHIGH,USGS-MRL,,,ng/g,ng/g,2.5,275.45,628023,8/19/2016
6550,NLA12_OK-101,1,6/12/2012,PLNLOW,SPL,OK,PLAINS,USGS-MRL,,,ng/g,ng/g,0.08,15.41,622023,8/19/2016
6551,NLA12_OK-291,1,6/12/2012,EHIGH,SAP,OK,EHIGH,USGS-MRL,,,ng/g,ng/g,0.13,31.72,633573,8/19/2016
6552,NLA12_UT-110,1,6/12/2012,WMTNS,XER,UT,WMTNS,USGS-MRL,,,ng/g,ng/g,0.17,15.71,620313,8/19/2016
6553,NLA12_VA-108,1,6/12/2012,EHIGH,SAP,VA,EHIGH,USGS-MRL,,,ng/g,ng/g,0.22,62.5,623493,8/19/2016
6555,NLA12_OK-108,1,6/11/2012,PLNLOW,SPL,OK,PLAINS,USGS-MRL,,,ng/g,ng/g,0.23,45.05,633603,8/19/2016
6556,NLA12_OK-135,1,6/11/2012,PLNLOW,SPL,OK,PLAINS,USGS-MRL,,,ng/g,ng/g,0.34,76.45,621903,8/19/2016
6558,NLA12_CA-174,1,6/11/2012,WMTNS,XER,CA,WMTNS,USGS-MRL,,,ng/g,ng/g,0.4,129.82,629253,8/19/2016
6559,NLA12_CA-116,1,6/12/2012,WMTNS,WMT,CA,WMTNS,USGS-MRL,,,ng/g,ng/g,0.76,176.47,629193,8/19/2016
6566,NLA12_ND-110,1,6/13/2012,PLNLOW,NPL,ND,PLAINS,USGS-MRL,,,ng/g,ng/g,0.42,63.97,632103,8/19/2016
6568,NLA12_VA-125,1,6/13/2012,EHIGH,SAP,VA,EHIGH,USGS-MRL,,,ng/g,ng/g,0.64,132.78,623463,8/19/2016
6570,NLA12_KS-105,1,6/13/2012,PLNLOW,SPL,KS,PLAINS,USGS-MRL,,,ng/g,ng/g,0.23,17.39,632973,8/19/2016
6572,NLA12_LA-101,1,6/12/2012,PLNLOW,CPL,LA,CPL,USGS-MRL,,,ng/g,ng/g,0.22,65.57,635703,8/19/2016
6574,NLA12_MN-137,1,6/13/2012,PLNLOW,TPL,MN,PLAINS,USGS-MRL,,,ng/g,ng/g,0.68,42.79,632013,8/19/2016
6575,NLA12_UT-109,1,6/12/2012,WMTNS,XER,UT,WMTNS,USGS-MRL,,,ng/g,ng/g,0.46,35.09,620283,8/19/2016
6576,NLA12_NY-0104,1,6/13/2012,EHIGH,NAP,NY,EHIGH,USGS-MRL,,,ng/g,ng/g,0.66,67.29,628263,8/19/2016
6577,NLA12_ND-162,1,6/13/2012,PLNLOW,TPL,ND,PLAINS,USGS-MRL,,,ng/g,ng/g,0.31,45.26,623733,8/19/2016
6585,NLA12_GA-107,1,6/13/2012,PLNLOW,CPL,GA,CPL,USGS-MRL,,,ng/g,ng/g,0.19,98.94,633033,8/19/2016
6586,NLA12_TX-121,1,6/13/2012,PLNLOW,CPL,TX,CPL,USGS-MRL,,,ng/g,ng/g,0.69,57.35,632763,8/19/2016
6587,NLA12_VA-114,1,6/14/2012,EHIGH,SAP,VA,EHIGH,USGS-MRL,,,ng/g,ng/g,0.43,93.41,623433,8/19/2016
6594,NLA12_ND-178,1,6/14/2012,PLNLOW,TPL,ND,PLAINS,USGS-MRL,,,ng/g,ng/g,1,122.17,623673,8/19/2016
6596,NLA12_CA-132,1,6/13/2012,WMTNS,WMT,CA,WMTNS,USGS-MRL,,,ng/g,ng/g,1.8,37.15,629283,8/19/2016
6599,NLA12_ND-163,1,6/14/2012,PLNLOW,NPL,ND,PLAINS,USGS-MRL,,,ng/g,ng/g,0.46,50.75,632163,8/19/2016
6601,NLA12_NH-104,1,6/14/2012,EHIGH,NAP,NH,EHIGH,USGS-MRL,,,ng/g,ng/g,3.9,361.7,627993,8/19/2016
6602,NLA12_MN-107,1,6/13/2012,PLNLOW,UMW,MN,UMW,USGS-MRL,,,ng/g,ng/g,1.6,42.55,631863,8/19/2016
6603,NLA12_LA-134,1,6/14/2012,PLNLOW,CPL,LA,CPL,USGS-MRL,,,ng/g,ng/g,0.32,73.3,635643,8/19/2016
6604,NLA12_IA-101,1,6/14/2012,PLNLOW,TPL,IA,PLAINS,USGS-MRL,,,ng/g,ng/g,1.1,32.02,629793,8/19/2016
6606,NLA12_KS-102,1,6/12/2012,PLNLOW,SPL,KS,PLAINS,USGS-MRL,,,ng/g,ng/g,0.25,23.4,627753,8/19/2016
6609,NLA12_KS-124,1,6/14/2012,PLNLOW,TPL,KS,PLAINS,USGS-MRL,,,ng/g,ng/g,0.16,21.83,627783,8/19/2016
6614,NLA12_MO-119,1,6/14/2012,PLNLOW,TPL,MO,PLAINS,USGS-MRL,,,ng/g,ng/g,0.44,54.5,634593,8/19/2016
6617,NLA12_NV-127,1,6/12/2012,WMTNS,XER,NV,WMTNS,USGS-MRL,,,ng/g,ng/g,0.73,50.19,630693,8/19/2016
6618,NLA12_NV-167,1,6/14/2012,WMTNS,XER,NV,WMTNS,USGS-MRL,,,ng/g,ng/g,1.1,48.13,623253,8/19/2016
6622,NLA12_TX-144,1,6/14/2012,PLNLOW,SPL,TX,PLAINS,USGS-MRL,,,ng/g,ng/g,0.41,29.79,630753,8/19/2016
6628,NLA12_LA-102,1,6/17/2012,PLNLOW,CPL,LA,CPL,USGS-MRL,,,ng/g,ng/g,0.3,82.82,635583,8/19/2016
6634,NLA12_SD-168,1,6/18/2012,PLNLOW,NPL,SD,PLAINS,USGS-MRL,,,ng/g,ng/g,0.48,59.01,633393,8/19/2016
6636,NLA12_ND-186,1,6/18/2012,PLNLOW,NPL,ND,PLAINS,USGS-MRL,,,ng/g,ng/g,1,37.93,640503,8/19/2016
6642,NLA12_CA-157,1,6/18/2012,WMTNS,XER,CA,WMTNS,USGS-MRL,,,ng/g,ng/g,0.13,72.65,630963,8/19/2016
6643,NLA12_LA-105,1,6/18/2012,PLNLOW,CPL,LA,CPL,USGS-MRL,,,ng/g,ng/g,0.35,40.4,635523,8/19/2016
6644,NLA12_LA-161,1,6/18/2012,PLNLOW,CPL,LA,CPL,USGS-MRL,,,ng/g,ng/g,0.35,32.07,635463,8/19/2016
6645,NLA12_ND-108,1,6/18/2012,PLNLOW,NPL,ND,PLAINS,USGS-MRL,,,ng/g,ng/g,0.39,60.34,635043,8/19/2016
6646,NLA12_OK-134,1,6/18/2012,PLNLOW,SPL,OK,PLAINS,USGS-MRL,,,ng/g,ng/g,0.48,34.23,621873,8/19/2016
6647,NLA12_TX-165,1,6/18/2012,PLNLOW,CPL,TX,CPL,USGS-MRL,,,ng/g,ng/g,0.42,40.26,642723,8/19/2016
6654,NLA12_ND-126,1,6/19/2012,PLNLOW,NPL,ND,PLAINS,USGS-MRL,,,ng/g,ng/g,0.67,56.18,640533,8/19/2016
6656,NLA12_KS-101,1,6/19/2012,PLNLOW,SPL,KS,PLAINS,USGS-MRL,,,ng/g,ng/g,0.14,38.74,637413,8/19/2016
6659,NLA12_CA-121,1,6/19/2012,WMTNS,XER,CA,WMTNS,USGS-MRL,,,ng/g,ng/g,1.9,49.12,632883,8/19/2016
6660,NLA12_IA-109,1,6/18/2012,PLNLOW,TPL,IA,PLAINS,USGS-MRL,,,ng/g,ng/g,0.35,45.45,629733,8/19/2016
6661,NLA12_LA-103,1,6/19/2012,PLNLOW,CPL,LA,CPL,USGS-MRL,,,ng/g,ng/g,0.33,65.34,635613,8/19/2016
6662,NLA12_LA-152,1,6/19/2012,PLNLOW,CPL,LA,CPL,USGS-MRL,,,ng/g,ng/g,0.26,57.29,634653,8/19/2016
6663,NLA12_MN-102,1,6/19/2012,PLNLOW,UMW,MN,UMW,USGS-MRL,,,ng/g,ng/g,3.7,156.15,633273,8/19/2016
6664,NLA12_MT-109,1,6/19/2012,PLNLOW,NPL,MT,PLAINS,USGS-MRL,,,ng/g,ng/g,0.47,40.25,622203,8/19/2016
6665,NLA12_UT-105,1,6/19/2012,WMTNS,WMT,UT,WMTNS,USGS-MRL,,,ng/g,ng/g,2.2,301.37,620103,8/19/2016
6666,NLA12_TX-117,1,6/19/2012,PLNLOW,CPL,TX,CPL,USGS-MRL,,,ng/g,ng/g,0.77,60.87,642063,8/19/2016
6667,NLA12_OR-110,1,6/18/2012,WMTNS,WMT,OR,WMTNS,USGS-MRL,,,ng/g,ng/g,2.8,283.98,634083,8/19/2016
6668,NLA12_OK-120,1,6/19/2012,PLNLOW,SPL,OK,PLAINS,USGS-MRL,,,ng/g,ng/g,0.33,72.03,633753,8/19/2016
6669,NLA12_OK-104,1,6/19/2012,PLNLOW,SPL,OK,PLAINS,USGS-MRL,,,ng/g,ng/g,0.4,55.23,621123,8/19/2016
6670,NLA12_NH-101,1,6/19/2012,EHIGH,NAP,NH,EHIGH,USGS-MRL,,,ng/g,ng/g,1,87.21,627003,8/19/2016
6683,NLA12_SD-172,1,6/20/2012,PLNLOW,NPL,SD,PLAINS,USGS-MRL,,,ng/g,ng/g,0.86,33.68,633363,8/19/2016
6684,NLA12_SD-124,1,6/19/2012,PLNLOW,NPL,SD,PLAINS,USGS-MRL,,,ng/g,ng/g,1.3,62.5,633453,8/19/2016
6685,NLA12_SD-140,1,6/19/2012,PLNLOW,NPL,SD,PLAINS,USGS-MRL,,,ng/g,ng/g,0.27,80.88,633423,8/19/2016
6686,NLA12_MN-108,1,6/19/2012,PLNLOW,UMW,MN,UMW,USGS-MRL,,,ng/g,ng/g,1.2,107.14,630783,8/19/2016
6689,NLA12_CT-101,1,6/20/2012,EHIGH,NAP,CT,EHIGH,USGS-MRL,,,ng/g,ng/g,2.7,216.15,635253,8/19/2016
6692,NLA12_WV-101,1,6/19/2012,EHIGH,SAP,WV,EHIGH,USGS-MRL,,,ng/g,ng/g,3.1,179.86,624093,8/19/2016
6693,NLA12_ND-155,1,6/20/2012,PLNLOW,NPL,ND,PLAINS,USGS-MRL,,,ng/g,ng/g,0.08,19.71,640563,8/19/2016
6694,NLA12_NY-0101,1,6/20/2012,EHIGH,NAP,NY,EHIGH,USGS-MRL,,,ng/g,ng/g,0.1,23.66,628233,8/19/2016
6695,NLA12_OK-109,1,6/20/2012,PLNLOW,TPL,OK,PLAINS,USGS-MRL,,,ng/g,ng/g,0.09,12.79,633723,8/19/2016
6696,NLA12_MT-118,1,6/20/2012,PLNLOW,NPL,MT,PLAINS,USGS-MRL,,,ng/g,ng/g,0.71,37.48,622173,8/19/2016
6697,NLA12_ND-151,1,6/20/2012,PLNLOW,NPL,ND,PLAINS,USGS-MRL,,,ng/g,ng/g,0.3,42.64,643863,8/19/2016
6714,NLA12_WV-115,1,6/20/2012,EHIGH,SAP,WV,EHIGH,USGS-MRL,,,ng/g,ng/g,0.46,111.49,624063,8/19/2016
6715,NLA12_NH-112,1,6/21/2012,EHIGH,NAP,NH,EHIGH,USGS-MRL,,,ng/g,ng/g,2.4,150.94,626973,8/19/2016
6716,NLA12_MN-163,1,6/21/2012,PLNLOW,UMW,MN,UMW,USGS-MRL,,,ng/g,ng/g,1.2,68.85,631833,8/19/2016
6717,NLA12_ND-173,1,6/21/2012,PLNLOW,NPL,ND,PLAINS,USGS-MRL,,,ng/g,ng/g,1.3,38.6,643743,8/19/2016
6718,NLA12_LA-104,1,6/20/2012,PLNLOW,CPL,LA,CPL,USGS-MRL,,,ng/g,ng/g,0.89,182.89,635493,8/19/2016
6719,NLA12_NV-103,1,6/19/2012,WMTNS,XER,NV,WMTNS,USGS-MRL,,,ng/g,ng/g,0.08,15.25,634893,8/19/2016
6720,NLA12_NV-102,1,6/20/2012,WMTNS,XER,NV,WMTNS,USGS-MRL,,,ng/g,ng/g,0.47,21.38,623223,8/19/2016
6721,NLA12_MN-130,1,6/21/2012,PLNLOW,UMW,MN,UMW,USGS-MRL,,,ng/g,ng/g,2.9,295.45,632463,8/19/2016
6723,NLA12_LA-154,1,6/21/2012,PLNLOW,CPL,LA,CPL,USGS-MRL,,,ng/g,ng/g,0.3,139.42,634623,8/19/2016
6724,NLA12_LA-155,1,6/21/2012,PLNLOW,CPL,LA,CPL,USGS-MRL,,,ng/g,ng/g,0.8,109.09,635553,8/19/2016
6731,NLA12_UT-160,1,6/21/2012,WMTNS,XER,UT,WMTNS,USGS-MRL,,,ng/g,ng/g,2,74.51,640803,8/19/2016
6735,NLA12_TX-101,1,6/21/2012,PLNLOW,SPL,TX,PLAINS,USGS-MRL,,,ng/g,ng/g,0.91,37.19,643923,8/19/2016
6742,NLA12_MT-138,1,6/21/2012,PLNLOW,NPL,MT,PLAINS,USGS-MRL,,,ng/g,ng/g,0.31,51.38,622803,8/19/2016
6744,NLA12_TX-160,1,6/22/2012,PLNLOW,SPL,TX,PLAINS,USGS-MRL,,,ng/g,ng/g,1.1,32.82,642843,8/19/2016
6747,NLA12_MO-117,1,6/21/2012,EHIGH,SAP,MO,EHIGH,USGS-MRL,,,ng/g,ng/g,0.63,121.62,634533,8/19/2016
6753,NLA12_CO-124,1,6/22/2012,PLNLOW,SPL,CO,PLAINS,USGS-MRL,,,ng/g,ng/g,0.24,194.59,640773,8/19/2016
6754,NLA12_LA-106,1,6/22/2012,PLNLOW,CPL,LA,CPL,USGS-MRL,,,ng/g,ng/g,0.32,113.21,635913,8/19/2016
6755,NLA12_LA-109,1,6/24/2012,PLNLOW,CPL,LA,CPL,USGS-MRL,,,ng/g,ng/g,0.42,47.17,635883,8/19/2016
6762,NLA12_TX-195,1,6/24/2012,PLNLOW,CPL,TX,CPL,USGS-MRL,,,ng/g,ng/g,0.4,26.65,643023,8/19/2016
6768,NLA12_IA-106,1,6/25/2012,PLNLOW,TPL,IA,PLAINS,USGS-MRL,,,ng/g,ng/g,0.95,43.81,629643,8/19/2016
6775,NLA12_NV-141,1,6/25/2012,WMTNS,XER,NV,WMTNS,USGS-MRL,,,ng/g,ng/g,0.32,165.43,630603,8/19/2016
6776,NLA12_WI-140,1,6/25/2012,PLNLOW,TPL,WI,PLAINS,USGS-MRL,,,ng/g,ng/g,2.2,147.65,636333,8/19/2016
6777,NLA12_MD-102,1,6/25/2012,EHIGH,SAP,MD,EHIGH,USGS-MRL,,,ng/g,ng/g,0.28,69.4,627603,8/19/2016
6780,NLA12_DE-105,1,6/25/2012,PLNLOW,CPL,DE,CPL,USGS-MRL,,,ng/g,ng/g,0.68,74.3,622863,8/19/2016
6781,NLA12_KS-126,1,6/25/2012,PLNLOW,TPL,KS,PLAINS,USGS-MRL,,,ng/g,ng/g,0.18,34.76,636273,8/19/2016
6789,NLA12_IA-103,1,6/26/2012,PLNLOW,TPL,IA,PLAINS,USGS-MRL,,,ng/g,ng/g,0.79,45.25,629613,8/19/2016
6793,NLA12_NV-193,1,6/26/2012,WMTNS,WMT,NV,WMTNS,USGS-MRL,,,ng/g,ng/g,6.6,131.49,630663,8/19/2016
6794,NLA12_TX-187,1,6/26/2012,PLNLOW,CPL,TX,CPL,USGS-MRL,,,ng/g,ng/g,0.48,52.63,642993,8/19/2016
6795,NLA12_CO-102,1,6/26/2012,WMTNS,WMT,CO,WMTNS,USGS-MRL,,,ng/g,ng/g,0.38,90.53,644703,8/19/2016
6796,NLA12_KS-106,1,6/26/2012,PLNLOW,SPL,KS,PLAINS,USGS-MRL,,,ng/g,ng/g,1.7,42.35,644433,8/19/2016
6797,NLA12_LA-141,1,6/25/2012,PLNLOW,CPL,LA,CPL,USGS-MRL,,,ng/g,ng/g,1.2,58.44,635853,8/19/2016
6798,NLA12_MN-105,1,6/26/2012,PLNLOW,UMW,MN,UMW,USGS-MRL,,,ng/g,ng/g,2.3,367.09,633243,8/19/2016
6799,NLA12_MT-126,1,6/26/2012,PLNLOW,NPL,MT,PLAINS,USGS-MRL,,,ng/g,ng/g,0.43,43.66,622413,8/19/2016
6800,NLA12_NJ-107,1,6/26/2012,EHIGH,NAP,NJ,EHIGH,USGS-MRL,,,ng/g,ng/g,2.1,243.24,629913,8/19/2016
6804,NLA12_SD-106,1,6/26/2012,PLNLOW,TPL,SD,PLAINS,USGS-MRL,,,ng/g,ng/g,0.3,73.73,633303,8/19/2016
6805,NLA12_TX-157,1,6/25/2012,PLNLOW,CPL,TX,CPL,USGS-MRL,,,ng/g,ng/g,0.6,68.18,642813,8/19/2016
6806,NLA12_WV-113,1,6/26/2012,EHIGH,SAP,WV,EHIGH,USGS-MRL,,,ng/g,ng/g,0.48,58.69,624003,8/19/2016
6808,NLA12_SD-110,1,6/27/2012,PLNLOW,TPL,SD,PLAINS,USGS-MRL,,,ng/g,ng/g,0.87,68.54,632343,8/19/2016
6809,NLA12_IL-110,1,6/26/2012,PLNLOW,TPL,IL,PLAINS,USGS-MRL,,,ng/g,ng/g,0.46,39.27,635433,8/19/2016
6812,NLA12_NH-105,1,6/26/2012,EHIGH,NAP,NH,EHIGH,USGS-MRL,,,ng/g,ng/g,2.3,300.45,626943,8/19/2016
6813,NLA12_CT-115,1,6/26/2012,EHIGH,NAP,CT,EHIGH,USGS-MRL,,,ng/g,ng/g,1.7,308.79,635193,8/19/2016
6816,NLA12_MN-109,1,6/25/2012,PLNLOW,UMW,MN,UMW,USGS-MRL,,,ng/g,ng/g,3,210.71,633213,8/19/2016
6821,NLA12_MT-154,1,6/27/2012,PLNLOW,NPL,MT,PLAINS,USGS-MRL,,,ng/g,ng/g,1.7,16.93,621033,8/19/2016
6823,NLA12_ID-194,1,6/26/2012,WMTNS,XER,ID,WMTNS,USGS-MRL,,,ng/g,ng/g,1.3,33.39,640113,8/19/2016
6825,NLA12_UT-173,1,6/27/2012,WMTNS,XER,UT,WMTNS,USGS-MRL,,,ng/g,ng/g,0.93,35.99,641583,8/19/2016
6826,NLA12_UT-165,1,6/27/2012,WMTNS,WMT,UT,WMTNS,USGS-MRL,,,ng/g,ng/g,0.85,101.09,640833,8/19/2016
6827,NLA12_WV-111,1,6/27/2012,EHIGH,SAP,WV,EHIGH,USGS-MRL,,,ng/g,ng/g,2.6,59.06,624123,8/19/2016
6830,NLA12_KS-107,1,6/27/2012,PLNLOW,TPL,KS,PLAINS,USGS-MRL,,,ng/g,ng/g,0.83,21.68,644463,8/19/2016
6831,NLA12_RI-104,1,6/27/2012,EHIGH,NAP,RI,EHIGH,USGS-MRL,,,ng/g,ng/g,2.4,215.23,641673,8/19/2016
6832,NLA12_PA-118,1,6/27/2012,EHIGH,NAP,PA,EHIGH,USGS-MRL,,,ng/g,ng/g,6.2,148.34,620373,8/19/2016
6833,NLA12_PA-109,1,6/26/2012,EHIGH,NAP,PA,EHIGH,USGS-MRL,,,ng/g,ng/g,2.4,266.13,620583,8/19/2016
6834,NLA12_NY-0102,1,6/27/2012,EHIGH,NAP,NY,EHIGH,USGS-MRL,,,ng/g,ng/g,3.3,234.38,628203,8/19/2016
6838,NLA12_DE-102,1,6/27/2012,PLNLOW,CPL,DE,CPL,USGS-MRL,,,ng/g,ng/g,0.75,120.22,622833,8/19/2016
6839,NLA12_MN-150,1,6/27/2012,PLNLOW,UMW,MN,UMW,USGS-MRL,,,ng/g,ng/g,3.1,284.36,632403,8/19/2016
6841,NLA12_ND-102,1,6/27/2012,PLNLOW,TPL,ND,PLAINS,USGS-MRL,,,ng/g,ng/g,0.3,51.4,643773,8/19/2016
6843,NLA12_OR-111,1,6/27/2012,WMTNS,XER,OR,WMTNS,USGS-MRL,,,ng/g,ng/g,1.8,39.55,634353,8/19/2016
6848,NLA12_IA-113,1,6/28/2012,PLNLOW,TPL,IA,PLAINS,USGS-MRL,,,ng/g,ng/g,0.93,73.59,629583,8/19/2016
6849,NLA12_TX-107,1,6/27/2012,PLNLOW,SPL,TX,PLAINS,USGS-MRL,,,ng/g,ng/g,0.24,25.64,641043,8/19/2016
6851,NLA12_KS-121,1,6/28/2012,PLNLOW,TPL,KS,PLAINS,USGS-MRL,,,ng/g,ng/g,0.5,27.58,644733,8/19/2016
6852,NLA12_ND-119,1,6/28/2012,PLNLOW,TPL,ND,PLAINS,USGS-MRL,,,ng/g,ng/g,0.59,38.1,635103,8/19/2016
6853,NLA12_ND-167,1,6/28/2012,PLNLOW,NPL,ND,PLAINS,USGS-MRL,,,ng/g,ng/g,0.51,33.49,624363,8/19/2016
6854,NLA12_CT-102,1,6/28/2012,EHIGH,NAP,CT,EHIGH,USGS-MRL,,,ng/g,ng/g,3.2,363.64,644373,8/19/2016
6858,NLA12_NH-103,1,6/28/2012,EHIGH,NAP,NH,EHIGH,USGS-MRL,,,ng/g,ng/g,2.3,660.38,626913,8/19/2016
6860,NLA12_TX-105,1,6/28/2012,PLNLOW,CPL,TX,CPL,USGS-MRL,,,ng/g,ng/g,0.72,97.86,644013,8/19/2016
6865,NLA12_ND-187,1,6/26/2012,PLNLOW,NPL,ND,PLAINS,USGS-MRL,,,ng/g,ng/g,0.31,41.96,640443,8/19/2016
6868,NLA12_UT-186,1,6/28/2012,WMTNS,WMT,UT,WMTNS,USGS-MRL,,,ng/g,ng/g,1.9,87.14,620913,8/19/2016
6869,NLA12_UT-141,1,6/28/2012,WMTNS,XER,UT,WMTNS,USGS-MRL,,,ng/g,ng/g,1.5,27.37,641643,8/19/2016
6870,NLA12_MN-138,1,6/28/2012,PLNLOW,UMW,MN,UMW,USGS-MRL,,,ng/g,ng/g,2.6,266.97,632433,8/19/2016
6871,NLA12_SD-102,1,6/28/2012,PLNLOW,TPL,SD,PLAINS,USGS-MRL,,,ng/g,ng/g,1.2,55.92,621273,8/19/2016
6874,NLA12_CO-114,1,6/27/2012,WMTNS,WMT,CO,WMTNS,USGS-MRL,,,ng/g,ng/g,0.82,63.29,644673,8/19/2016
6875,NLA12_CO-131,1,6/28/2012,WMTNS,XER,CO,WMTNS,USGS-MRL,,,ng/g,ng/g,0.33,57.14,644493,8/19/2016
6876,NLA12_MN-153,1,6/28/2012,PLNLOW,UMW,MN,UMW,USGS-MRL,,,ng/g,ng/g,1.4,91.95,631953,8/19/2016
6877,NLA12_WV-112,1,6/28/2012,EHIGH,SAP,WV,EHIGH,USGS-MRL,,,ng/g,ng/g,0.22,38.46,624033,8/19/2016
6888,NLA12_MT-142,1,6/28/2012,PLNLOW,NPL,MT,PLAINS,USGS-MRL,,,ng/g,ng/g,0.1,24.21,622563,8/19/2016
6889,NLA12_GA-118,1,6/28/2012,EHIGH,SAP,GA,EHIGH,USGS-MRL,,,ng/g,ng/g,0.39,118.32,641463,8/19/2016
6905,NLA12_MD-105,1,6/28/2012,PLNLOW,CPL,MD,CPL,USGS-MRL,,,ng/g,ng/g,0.42,112.2,627633,8/19/2016
6915,NLA12_IA-150,1,7/2/2012,PLNLOW,TPL,IA,PLAINS,USGS-MRL,,,ng/g,ng/g,0.95,41.38,629523,8/19/2016
6918,NLA12_LA-172,1,6/29/2012,PLNLOW,CPL,LA,CPL,USGS-MRL,,,ng/g,ng/g,0.51,216.39,635763,8/19/2016
6919,NLA12_OK-103,1,7/2/2012,PLNLOW,SPL,OK,PLAINS,USGS-MRL,,,ng/g,ng/g,0.7,30.47,621843,8/19/2016
6923,NLA12_OH-103,1,7/2/2012,EHIGH,SAP,OH,EHIGH,USGS-MRL,,,ng/g,ng/g,3.9,62.27,629103,8/19/2016
6926,NLA12_UT-148,1,7/2/2012,WMTNS,XER,UT,WMTNS,USGS-MRL,,,ng/g,ng/g,0.34,23.7,641523,8/19/2016
6927,NLA12_KS-122,1,7/2/2012,PLNLOW,SPL,KS,PLAINS,USGS-MRL,,,ng/g,ng/g,0.48,21.83,637443,8/19/2016
6929,NLA12_RI-102,1,7/2/2012,EHIGH,NAP,RI,EHIGH,USGS-MRL,,,ng/g,ng/g,1.1,292.68,641763,8/19/2016
6937,NLA12_ID-168,1,7/2/2012,WMTNS,WMT,ID,WMTNS,USGS-MRL,,,ng/g,ng/g,1.5,88.65,645843,8/19/2016
6940,NLA12_ID-141,1,7/3/2012,WMTNS,WMT,ID,WMTNS,USGS-MRL,,,ng/g,ng/g,0.34,73.17,645873,8/19/2016
6944,NLA12_UT-125,1,7/4/2012,WMTNS,WMT,UT,WMTNS,USGS-MRL,,,ng/g,ng/g,0.22,28.57,641493,8/19/2016
6945,NLA12_KY-116,1,7/1/2012,PLNLOW,TPL,KY,PLAINS,USGS-MRL,,,ng/g,ng/g,0.15,75.27,645483,8/19/2016
6953,NLA12_VT-112,1,7/5/2012,EHIGH,NAP,VT,EHIGH,USGS-MRL,,,ng/g,ng/g,2,184.05,631383,8/19/2016
6959,NLA12_ID-101,1,7/2/2012,WMTNS,WMT,ID,WMTNS,USGS-MRL,,,ng/g,ng/g,0.28,99.55,640353,8/19/2016
6963,NLA12_SD-183,1,7/5/2012,PLNLOW,NPL,SD,PLAINS,USGS-MRL,,,ng/g,ng/g,0.34,33.94,632313,8/19/2016
6964,NLA12_ND-196,1,7/5/2012,PLNLOW,NPL,ND,PLAINS,USGS-MRL,,,ng/g,ng/g,0.08,49.69,643833,8/19/2016
6966,NLA12_UT-260,1,7/5/2012,WMTNS,WMT,UT,WMTNS,USGS-MRL,,,ng/g,ng/g,0.22,29.47,631323,8/19/2016
6967,NLA12_RI-111,1,7/5/2012,EHIGH,NAP,RI,EHIGH,USGS-MRL,,,ng/g,ng/g,1.6,468.9,646143,8/19/2016
6968,NLA12_MD-101,1,7/5/2012,EHIGH,SAP,MD,EHIGH,USGS-MRL,,,ng/g,ng/g,0.32,45.85,627663,8/19/2016
6970,NLA12_ID-209,1,7/5/2012,WMTNS,WMT,ID,WMTNS,USGS-MRL,,,ng/g,ng/g,0.86,94.02,645753,8/19/2016
6971,NLA12_ID-175,1,7/5/2012,WMTNS,XER,ID,WMTNS,USGS-MRL,,,ng/g,ng/g,0.52,72.25,645783,8/19/2016
6976,NLA12_CO-108,1,7/5/2012,WMTNS,WMT,CO,WMTNS,USGS-MRL,,,ng/g,ng/g,2.2,43.82,644583,8/19/2016
6977,NLA12_IA-152,1,7/5/2012,PLNLOW,TPL,IA,PLAINS,USGS-MRL,,,ng/g,ng/g,0.45,70.11,629493,8/19/2016
6981,NLA12_ND-106,1,7/5/2012,PLNLOW,TPL,ND,PLAINS,USGS-MRL,,,ng/g,ng/g,1.3,63.35,646023,8/19/2016
6983,NLA12_WA-157,1,7/4/2012,WMTNS,WMT,WA,WMTNS,USGS-MRL,,,ng/g,ng/g,0.75,61.22,637893,8/19/2016
6984,NLA12_WA-121,1,7/5/2012,WMTNS,WMT,WA,WMTNS,USGS-MRL,,,ng/g,ng/g,4.6,464.11,638913,8/19/2016
6991,NLA12_WY-101,1,7/4/2012,WMTNS,XER,WY,WMTNS,USGS-MRL,,,ng/g,ng/g,0.16,27.47,634773,8/19/2016
6992,NLA12_MO-108,1,7/5/2012,EHIGH,SAP,MO,EHIGH,USGS-MRL,,,ng/g,ng/g,0.28,109.85,635013,8/19/2016
6999,NLA12_WY-104,1,7/6/2012,PLNLOW,NPL,WY,PLAINS,USGS-MRL,,,ng/g,ng/g,0.24,72.92,634743,8/19/2016
7000,NLA12_WY-107,1,7/7/2012,PLNLOW,SPL,WY,PLAINS,USGS-MRL,,,ng/g,ng/g,1.4,283.95,634833,8/19/2016
7001,NLA12_MI-111,1,7/5/2012,PLNLOW,TPL,MI,PLAINS,USGS-MRL,,,ng/g,ng/g,0.8,217.07,639183,8/19/2016
7002,NLA12_MI-114,1,7/6/2012,PLNLOW,UMW,MI,UMW,USGS-MRL,,,ng/g,ng/g,1.5,182.2,639363,8/19/2016
7004,NLA12_MI-135,1,7/6/2012,PLNLOW,UMW,MI,UMW,USGS-MRL,,,ng/g,ng/g,1.7,70.35,639963,8/19/2016
7005,NLA12_MI-155,1,7/5/2012,PLNLOW,UMW,MI,UMW,USGS-MRL,,,ng/g,ng/g,1.5,81.25,639453,8/19/2016
7006,NLA12_WY-130,1,7/8/2012,WMTNS,XER,WY,WMTNS,USGS-MRL,,,ng/g,ng/g,0.59,14.42,634803,8/19/2016
7017,NLA12_IA-104,1,7/9/2012,PLNLOW,TPL,IA,PLAINS,USGS-MRL,,,ng/g,ng/g,0.44,43.48,629463,8/19/2016
7020,NLA12_CA-101,1,7/9/2012,WMTNS,XER,CA,WMTNS,USGS-MRL,,,ng/g,ng/g,0.32,169.7,639303,8/19/2016
7021,NLA12_GA-105,1,7/9/2012,EHIGH,SAP,GA,EHIGH,USGS-MRL,,,ng/g,ng/g,0.22,76.19,646983,8/19/2016
7022,NLA12_MT-107,1,7/9/2012,PLNLOW,NPL,MT,PLAINS,USGS-MRL,,,ng/g,ng/g,1.3,33.99,620973,8/19/2016
7023,NLA12_OK-105,1,7/9/2012,PLNLOW,SPL,OK,PLAINS,USGS-MRL,,,ng/g,ng/g,0.12,9.4,633663,8/19/2016
7026,NLA12_WY-105,1,7/9/2012,WMTNS,XER,WY,WMTNS,USGS-MRL,,,ng/g,ng/g,1,41.83,634863,8/19/2016
7027,NLA12_OR-104,1,7/9/2012,WMTNS,WMT,OR,WMTNS,USGS-MRL,,,ng/g,ng/g,0.09,40.9,634323,8/19/2016
7028,NLA12_OK-106,1,7/9/2012,PLNLOW,SPL,OK,PLAINS,USGS-MRL,,,ng/g,ng/g,0.2,17.46,633693,8/19/2016
7041,NLA12_IA-127,1,7/10/2012,PLNLOW,TPL,IA,PLAINS,USGS-MRL,,,ng/g,ng/g,0.35,56,629433,8/19/2016
7043,NLA12_NJ-131,1,7/9/2012,PLNLOW,CPL,NJ,CPL,USGS-MRL,,,ng/g,ng/g,8.1,491.07,646443,8/19/2016
7052,NLA12_MN-147,1,7/10/2012,PLNLOW,UMW,MN,UMW,USGS-MRL,,,ng/g,ng/g,2.4,170,631083,8/19/2016
7053,NLA12_VA-111,1,7/10/2012,PLNLOW,CPL,VA,CPL,USGS-MRL,,,ng/g,ng/g,0.11,11.11,641133,8/19/2016
7054,NLA12_VA-101,1,7/10/2012,EHIGH,SAP,VA,EHIGH,USGS-MRL,,,ng/g,ng/g,0.53,82.09,641163,8/19/2016
7055,NLA12_WA-138,1,7/10/2012,WMTNS,WMT,WA,WMTNS,USGS-MRL,,,ng/g,ng/g,1.7,282.61,637023,8/19/2016
7057,NLA12_UT-169,1,7/10/2012,WMTNS,WMT,UT,WMTNS,USGS-MRL,,,ng/g,ng/g,0.59,18.73,640863,8/19/2016
7058,NLA12_NJ-118,1,7/10/2012,EHIGH,NAP,NJ,EHIGH,USGS-MRL,,,ng/g,ng/g,2.3,103.06,638943,8/19/2016
7059,NLA12_OK-117,1,7/10/2012,PLNLOW,SPL,OK,PLAINS,USGS-MRL,,,ng/g,ng/g,0.25,16.86,633633,8/19/2016
7061,NLA12_MN-123,1,7/10/2012,PLNLOW,TPL,MN,PLAINS,USGS-MRL,,,ng/g,ng/g,0.1,41.1,629043,8/19/2016
7062,NLA12_SD-126,1,7/10/2012,PLNLOW,TPL,SD,PLAINS,USGS-MRL,,,ng/g,ng/g,1.4,63.93,641913,8/19/2016
7063,NLA12_TX-176,1,7/10/2012,PLNLOW,SPL,TX,PLAINS,USGS-MRL,,,ng/g,ng/g,0.4,28.8,642753,8/19/2016
7064,NLA12_CA-180,1,7/10/2012,WMTNS,XER,CA,WMTNS,USGS-MRL,,,ng/g,ng/g,0.22,131.26,630903,8/19/2016
7065,NLA12_MT-143,1,7/10/2012,PLNLOW,NPL,MT,PLAINS,USGS-MRL,,,ng/g,ng/g,1.6,26,622533,8/19/2016
7067,NLA12_ND-134,1,7/10/2012,PLNLOW,NPL,ND,PLAINS,USGS-MRL,,,ng/g,ng/g,0.77,47.47,643803,8/19/2016
7068,NLA12_ND-107,1,7/10/2012,PLNLOW,NPL,ND,PLAINS,USGS-MRL,,,ng/g,ng/g,0.17,36.7,645993,8/19/2016
7088,NLA12_WY-135,1,7/11/2012,WMTNS,WMT,WY,WMTNS,USGS-MRL,,,ng/g,ng/g,1.1,56,634953,8/19/2016
7089,NLA12_WY-131,1,7/10/2012,WMTNS,XER,WY,WMTNS,USGS-MRL,,,ng/g,ng/g,0.24,32.73,634923,8/19/2016
7091,NLA12_CT-104,1,7/11/2012,EHIGH,NAP,CT,EHIGH,USGS-MRL,,,ng/g,ng/g,2.1,269.5,644403,8/19/2016
7092,NLA12_RI-110,1,7/10/2012,EHIGH,NAP,RI,EHIGH,USGS-MRL,,,ng/g,ng/g,10,196.58,641733,8/19/2016
7094,NLA12_VA-121,1,7/11/2012,PLNLOW,CPL,VA,CPL,USGS-MRL,,,ng/g,ng/g,1.9,115.38,623403,8/19/2016
7095,NLA12_VA-105,1,7/11/2012,EHIGH,SAP,VA,EHIGH,USGS-MRL,,,ng/g,ng/g,0.1,35.11,641283,8/19/2016
7097,NLA12_UT-210,1,7/11/2012,WMTNS,WMT,UT,WMTNS,USGS-MRL,,,ng/g,ng/g,1.4,25.9,631293,8/19/2016
7100,NLA12_OR-169,1,7/11/2012,WMTNS,WMT,OR,WMTNS,USGS-MRL,,,ng/g,ng/g,0.54,68.54,632583,8/19/2016
7102,NLA12_CO-115,1,7/11/2012,WMTNS,WMT,CO,WMTNS,USGS-MRL,,,ng/g,ng/g,0.91,129.87,644613,8/19/2016
7103,NLA12_MI-101,1,7/11/2012,PLNLOW,UMW,MI,UMW,USGS-MRL,,,ng/g,ng/g,1.3,221.59,639843,8/19/2016
7104,NLA12_NH-102,1,7/11/2012,EHIGH,NAP,NH,EHIGH,USGS-MRL,,,ng/g,ng/g,3.3,298.04,626883,8/19/2016
7105,NLA12_OH-136,1,7/11/2012,EHIGH,NAP,OH,EHIGH,USGS-MRL,,,ng/g,ng/g,0.59,74.42,629133,8/19/2016
7106,NLA12_OK-302,1,7/11/2012,PLNLOW,SPL,OK,PLAINS,USGS-MRL,,,ng/g,ng/g,1,32.84,633543,8/19/2016
7107,NLA12_SD-158,1,7/11/2012,PLNLOW,TPL,SD,PLAINS,USGS-MRL,,,ng/g,ng/g,0.97,73.11,641973,8/19/2016
7108,NLA12_TX-170,1,7/11/2012,PLNLOW,CPL,TX,CPL,USGS-MRL,,,ng/g,ng/g,0.26,32.57,632673,8/19/2016
7109,NLA12_TX-190,1,7/11/2012,PLNLOW,SPL,TX,PLAINS,USGS-MRL,,,ng/g,ng/g,0.5,16.27,649683,8/19/2016
7113,NLA12_PA-105,1,7/10/2012,EHIGH,NAP,PA,EHIGH,USGS-MRL,,,ng/g,ng/g,1.7,147.06,625833,8/19/2016
7122,NLA12_PA-110,1,7/11/2012,EHIGH,NAP,PA,EHIGH,USGS-MRL,,,ng/g,ng/g,2.7,229.39,643203,8/19/2016
7124,NLA12_MN-101,1,7/11/2012,PLNLOW,UMW,MN,UMW,USGS-MRL,,,ng/g,ng/g,2.7,127.91,646893,8/19/2016
7125,NLA12_IA-134,1,7/12/2012,PLNLOW,TPL,IA,PLAINS,USGS-MRL,,,ng/g,ng/g,0.7,39.68,629553,8/19/2016
7126,NLA12_CA-105,1,7/11/2012,WMTNS,XER,CA,WMTNS,USGS-MRL,,,ng/g,ng/g,0.66,46.98,639333,8/19/2016
7132,NLA12_MO-115,1,7/11/2012,PLNLOW,TPL,MO,PLAINS,USGS-MRL,,,ng/g,ng/g,0.49,53.94,643353,8/19/2016
7133,NLA12_MT-108,1,7/11/2012,PLNLOW,NPL,MT,PLAINS,USGS-MRL,,,ng/g,ng/g,0.4,54.35,622233,8/19/2016
7135,NLA12_NV-105,1,7/11/2012,WMTNS,XER,NV,WMTNS,USGS-MRL,,,ng/g,ng/g,1.5,115.38,645573,8/19/2016
7136,NLA12_NV-119,1,7/10/2012,WMTNS,XER,NV,WMTNS,USGS-MRL,,,ng/g,ng/g,1.3,63.79,645663,8/19/2016
7137,NLA12_NV-104,1,7/12/2012,WMTNS,XER,NV,WMTNS,USGS-MRL,,,ng/g,ng/g,0.24,68.31,645633,8/19/2016
7138,NLA12_RI-112,1,7/11/2012,EHIGH,NAP,RI,EHIGH,USGS-MRL,,,ng/g,ng/g,0.52,132.91,646113,8/19/2016
7141,NLA12_MN-116,1,7/12/2012,PLNLOW,UMW,MN,UMW,USGS-MRL,,,ng/g,ng/g,0.93,134.07,621783,8/19/2016
7148,NLA12_WA-141,1,7/11/2012,WMTNS,WMT,WA,WMTNS,USGS-MRL,,,ng/g,ng/g,1.1,206.35,637863,8/19/2016
7149,NLA12_RI-113,1,7/12/2012,EHIGH,NAP,RI,EHIGH,USGS-MRL,,,ng/g,ng/g,1.4,272,644163,8/19/2016
7150,NLA12_SD-111,1,7/12/2012,PLNLOW,TPL,SD,PLAINS,USGS-MRL,,,ng/g,ng/g,0.16,52.85,641943,8/19/2016
7151,NLA12_NJ-102,1,7/12/2012,EHIGH,NAP,NJ,EHIGH,USGS-MRL,,,ng/g,ng/g,1.5,156.12,639033,8/19/2016
7152,NLA12_NJ-119,1,7/11/2012,EHIGH,NAP,NJ,EHIGH,USGS-MRL,,,ng/g,ng/g,1.6,200,633873,8/19/2016
7154,NLA12_UT-222,1,7/12/2012,WMTNS,WMT,UT,WMTNS,USGS-MRL,,,ng/g,ng/g,1.9,33.64,648333,8/19/2016
7155,NLA12_UT-137,1,7/11/2012,WMTNS,WMT,UT,WMTNS,USGS-MRL,,,ng/g,ng/g,1.2,54.55,647013,8/19/2016
7163,NLA12_ID-112,1,7/12/2012,WMTNS,WMT,ID,WMTNS,USGS-MRL,,,ng/g,ng/g,0.8,101.08,648213,8/19/2016
7164,NLA12_ID-102,1,7/13/2012,WMTNS,WMT,ID,WMTNS,USGS-MRL,,,ng/g,ng/g,0.66,82.03,648243,8/19/2016
7167,NLA12_ID-108,1,7/13/2012,WMTNS,WMT,ID,WMTNS,USGS-MRL,,,ng/g,,1.5,,640263,8/19/2016
7168,NLA12_ID-207,1,7/12/2012,WMTNS,WMT,ID,WMTNS,USGS-MRL,,,ng/g,ng/g,0.47,57.69,648033,8/19/2016
7173,NLA12_CO-101,1,7/13/2012,PLNLOW,SPL,CO,PLAINS,USGS-MRL,,,ng/g,ng/g,0.18,30.14,644523,8/19/2016
7178,NLA12_TX-136,1,7/15/2012,PLNLOW,SPL,TX,PLAINS,USGS-MRL,,,ng/g,ng/g,0.5,18.13,649473,8/19/2016
7179,NLA12_WA-101,1,7/12/2012,WMTNS,WMT,WA,WMTNS,USGS-MRL,,,ng/g,ng/g,6,203.82,637053,8/19/2016
7187,NLA12_ID-165,1,7/15/2012,WMTNS,WMT,ID,WMTNS,USGS-MRL,,,ng/g,ng/g,1,115.24,645933,8/19/2016
7188,NLA12_ID-121,1,7/14/2012,WMTNS,WMT,ID,WMTNS,USGS-MRL,,,ng/g,ng/g,0.71,50.28,648153,8/19/2016
7189,NLA12_ID-105,1,7/13/2012,WMTNS,WMT,ID,WMTNS,USGS-MRL,,,ng/g,ng/g,2.4,174.09,648183,8/19/2016
7190,NLA12_NY-0106,1,7/12/2012,EHIGH,NAP,NY,EHIGH,USGS-MRL,,,ng/g,ng/g,4.9,262.95,648573,8/19/2016
7199,NLA12_SD-134,1,7/16/2012,PLNLOW,NPL,SD,PLAINS,USGS-MRL,,,ng/g,ng/g,0.96,59.1,642033,8/19/2016
7205,NLA12_TX-111,1,7/16/2012,PLNLOW,SPL,TX,PLAINS,USGS-MRL,,,ng/g,ng/g,0.14,19.69,649653,8/19/2016
7206,NLA12_NY-0110,1,7/15/2012,EHIGH,NAP,NY,EHIGH,USGS-MRL,,,ng/g,ng/g,0.79,209.68,648603,8/19/2016
7207,NLA12_OR-113,1,7/16/2012,WMTNS,WMT,OR,WMTNS,USGS-MRL,,,ng/g,ng/g,0.66,107.81,632523,8/19/2016
7208,NLA12_CA-190,1,7/16/2012,WMTNS,XER,CA,WMTNS,USGS-MRL,,,ng/g,ng/g,0.25,54.05,630933,8/19/2016
7209,NLA12_NJ-104,1,7/15/2012,PLNLOW,CPL,NJ,CPL,USGS-MRL,,,ng/g,ng/g,1.2,341.77,638973,8/19/2016
7210,NLA12_NJ-101,1,7/13/2012,EHIGH,NAP,NJ,EHIGH,USGS-MRL,,,ng/g,ng/g,2.7,210.53,639063,8/19/2016
7217,NLA12_IL-118,1,7/17/2012,PLNLOW,TPL,IL,PLAINS,USGS-MRL,,,ng/g,ng/g,0.38,62.24,635313,8/19/2016
7219,NLA12_MD-115,1,7/17/2012,PLNLOW,CPL,MD,CPL,USGS-MRL,,,ng/g,ng/g,0.75,128.89,647313,8/19/2016
7224,NLA12_CT-118,1,7/17/2012,EHIGH,NAP,CT,EHIGH,USGS-MRL,,,ng/g,ng/g,4.3,230.13,644343,8/19/2016
7225,NLA12_UT-294,1,7/17/2012,WMTNS,WMT,UT,WMTNS,USGS-MRL,,,ng/g,ng/g,0.74,44.34,641553,8/19/2016
7226,NLA12_OR-123,1,7/17/2012,WMTNS,WMT,OR,WMTNS,USGS-MRL,,,ng/g,ng/g,2.8,40.29,650343,8/19/2016
7228,NLA12_AL-102,1,7/17/2012,EHIGH,SAP,AL,EHIGH,USGS-MRL,,,ng/g,ng/g,0.82,134.43,646353,8/19/2016
7229,NLA12_CA-154,1,7/17/2012,WMTNS,XER,CA,WMTNS,USGS-MRL,,,ng/g,ng/g,0.21,28.13,639213,8/19/2016
7231,NLA12_NH-111,1,7/17/2012,EHIGH,NAP,NH,EHIGH,USGS-MRL,,,ng/g,ng/g,3.2,500,626853,8/19/2016
7232,NLA12_OH-118,1,7/17/2012,PLNLOW,TPL,OH,PLAINS,USGS-MRL,,,ng/g,ng/g,0.34,38.89,643413,8/19/2016
7233,NLA12_RI-103,1,7/17/2012,EHIGH,NAP,RI,EHIGH,USGS-MRL,,,ng/g,ng/g,0.94,305.81,641703,8/19/2016
7237,NLA12_VA-118,1,7/17/2012,EHIGH,SAP,VA,EHIGH,USGS-MRL,,,ng/g,ng/g,0.68,55,641073,8/19/2016
7238,NLA12_SD-108,1,7/17/2012,PLNLOW,NPL,SD,PLAINS,USGS-MRL,,,ng/g,ng/g,0.36,48.39,642003,8/19/2016
7243,NLA12_MN-113,1,7/17/2012,PLNLOW,TPL,MN,PLAINS,USGS-MRL,,,ng/g,ng/g,0.62,54.05,646863,8/19/2016
7244,NLA12_TX-112,1,7/17/2012,PLNLOW,SPL,TX,PLAINS,USGS-MRL,,,ng/g,ng/g,0.15,24.05,640953,8/19/2016
7247,NLA12_TX-152,1,7/17/2012,PLNLOW,SPL,TX,PLAINS,USGS-MRL,,,ng/g,ng/g,0.69,14.74,649563,8/19/2016
7249,NLA12_IL-104,1,7/18/2012,PLNLOW,TPL,IL,PLAINS,USGS-MRL,,,ng/g,ng/g,1.6,133.13,635283,8/19/2016
7250,NLA12_OR-155,1,7/18/2012,WMTNS,WMT,OR,WMTNS,USGS-MRL,,,ng/g,ng/g,0.85,59.18,632553,8/19/2016
7251,NLA12_MI-144,1,7/17/2012,PLNLOW,UMW,MI,UMW,USGS-MRL,,,ng/g,ng/g,0.09,90.37,651183,8/19/2016
7255,NLA12_MO-103,1,7/17/2012,PLNLOW,TPL,MO,PLAINS,USGS-MRL,,,ng/g,ng/g,0.39,33.9,643323,8/19/2016
7256,NLA12_WA-126,1,7/19/2012,WMTNS,WMT,WA,WMTNS,USGS-MRL,,,ng/g,ng/g,2.1,179.49,637923,8/19/2016
7257,NLA12_WA-112,1,7/18/2012,WMTNS,WMT,WA,WMTNS,USGS-MRL,,,ng/g,ng/g,8.5,141.03,636963,8/19/2016
7258,NLA12_WA-108,1,7/17/2012,WMTNS,WMT,WA,WMTNS,USGS-MRL,,,ng/g,ng/g,0.92,112.9,636993,8/19/2016
7259,NLA12_VA-110,1,7/18/2012,EHIGH,SAP,VA,EHIGH,USGS-MRL,,,ng/g,ng/g,1.2,83.61,641403,8/19/2016
7260,NLA12_VA-103,1,7/18/2012,EHIGH,SAP,VA,EHIGH,USGS-MRL,,,ng/g,ng/g,0.65,149,641433,8/19/2016
7262,NLA12_OK-299,1,7/18/2012,EHIGH,SAP,OK,EHIGH,USGS-MRL,,,ng/g,ng/g,0.59,97.47,642363,8/19/2016
7263,NLA12_CA-167,1,7/18/2012,WMTNS,WMT,CA,WMTNS,USGS-MRL,,,ng/g,ng/g,1.2,96.87,639243,8/19/2016
7264,NLA12_RI-108,1,7/18/2012,EHIGH,NAP,RI,EHIGH,USGS-MRL,,,ng/g,ng/g,2,266.67,652743,8/19/2016
7265,NLA12_TX-201,1,7/18/2012,PLNLOW,CPL,TX,CPL,USGS-MRL,,,ng/g,ng/g,0.43,84.91,630723,8/19/2016
7266,NLA12_NY-0109,1,7/18/2012,EHIGH,NAP,NY,EHIGH,USGS-MRL,,,ng/g,ng/g,3.4,278.01,628083,8/19/2016
7267,NLA12_SD-105,1,7/18/2012,PLNLOW,NPL,SD,PLAINS,USGS-MRL,,,ng/g,ng/g,1.1,54.17,633333,8/19/2016
7268,NLA12_IN-146,1,7/18/2012,EHIGH,SAP,IN,EHIGH,USGS-MRL,,,ng/g,ng/g,0.56,75.53,621513,8/19/2016
7269,NLA12_PA-114,1,7/18/2012,EHIGH,NAP,PA,EHIGH,USGS-MRL,,,ng/g,ng/g,2.3,348.26,620643,8/19/2016
7275,NLA12_NV-177,1,7/17/2012,WMTNS,XER,NV,WMTNS,USGS-MRL,,,ng/g,ng/g,1.3,220.78,651483,8/19/2016
7276,NLA12_NV-137,1,7/16/2012,WMTNS,XER,NV,WMTNS,USGS-MRL,,,ng/g,ng/g,0.55,31.75,651453,8/19/2016
7282,NLA12_IL-106,1,7/19/2012,PLNLOW,TPL,IL,PLAINS,USGS-MRL,,,ng/g,ng/g,0.94,55.19,635373,8/19/2016
7284,NLA12_NY-0111,1,7/16/2012,EHIGH,NAP,NY,EHIGH,USGS-MRL,,,ng/g,ng/g,3.1,142.86,648783,8/19/2016
7286,NLA12_OK-296,1,7/16/2012,PLNLOW,SPL,OK,PLAINS,USGS-MRL,,,ng/g,ng/g,0.64,34.41,642393,8/19/2016
7288,NLA12_IN-116,1,7/19/2012,EHIGH,SAP,IN,EHIGH,USGS-MRL,,,ng/g,ng/g,0.92,117.65,621543,8/19/2016
7290,NLA12_AZ-140,1,7/19/2012,WMTNS,XER,AZ,WMTNS,USGS-MRL,,,ng/g,ng/g,1.5,33.57,620463,8/19/2016
7292,NLA12_AL-103,1,7/19/2012,EHIGH,SAP,AL,EHIGH,USGS-MRL,,,ng/g,ng/g,0.43,103.45,646383,8/19/2016
7294,NLA12_OH-127,1,7/19/2012,EHIGH,SAP,OH,EHIGH,USGS-MRL,,,ng/g,ng/g,0.58,73.33,643383,8/19/2016
7298,NLA12_MD-103,1,7/19/2012,EHIGH,SAP,MD,EHIGH,USGS-MRL,,,ng/g,ng/g,0.59,177.05,647283,8/19/2016
7304,NLA12_TX-182,1,7/19/2012,PLNLOW,SPL,TX,PLAINS,USGS-MRL,,,ng/g,ng/g,0.45,30.95,649533,8/19/2016
7306,NLA12_NV-144,1,7/19/2012,WMTNS,XER,NV,WMTNS,USGS-MRL,,,ng/g,ng/g,0.08,55.76,651423,8/19/2016
7307,NLA12_GA-102,1,7/19/2012,PLNLOW,CPL,GA,CPL,USGS-MRL,,,ng/g,ng/g,1.6,182.63,646923,8/19/2016
7314,NLA12_ME-114,1,7/18/2012,EHIGH,NAP,ME,EHIGH,USGS-MRL,,,ng/g,ng/g,2.4,195.35,644223,8/19/2016
7321,NLA12_MT-106,1,7/20/2012,PLNLOW,NPL,MT,PLAINS,USGS-MRL,,,ng/g,ng/g,0.18,44.85,622353,8/19/2016
7322,NLA12_CO-119,1,7/18/2012,WMTNS,WMT,CO,WMTNS,USGS-MRL,,,ng/g,ng/g,1.3,169.42,641193,8/19/2016
7325,NLA12_CO-106,1,7/20/2012,PLNLOW,SPL,CO,PLAINS,USGS-MRL,,,ng/g,ng/g,0.62,63.11,641793,8/19/2016
7341,NLA12_CA-111,1,7/19/2012,WMTNS,XER,CA,WMTNS,USGS-MRL,,,ng/g,ng/g,1.4,540.54,639273,8/19/2016
7344,NLA12_NE-101,1,7/22/2012,PLNLOW,SPL,NE,PLAINS,USGS-MRL,,,ng/g,ng/g,0.53,40.89,649623,8/19/2016
7350,NLA12_ND-114,1,7/23/2012,PLNLOW,NPL,ND,PLAINS,USGS-MRL,,,ng/g,ng/g,1.9,50.93,636783,8/19/2016
7357,NLA12_SD-133,1,7/23/2012,PLNLOW,NPL,SD,PLAINS,USGS-MRL,,,ng/g,ng/g,0.66,69.77,632283,8/19/2016
7364,NLA12_OK-306,1,7/23/2012,PLNLOW,SPL,OK,PLAINS,USGS-MRL,,,ng/g,ng/g,0.45,24.22,642423,8/19/2016
7366,NLA12_CA-200,1,7/23/2012,WMTNS,WMT,CA,WMTNS,USGS-MRL,,,ng/g,ng/g,0.6,205.48,647793,8/19/2016
7367,NLA12_UT-203,1,7/23/2012,WMTNS,WMT,UT,WMTNS,USGS-MRL,,,ng/g,ng/g,2.1,97.26,647073,8/19/2016
7369,NLA12_NE-106,1,7/23/2012,PLNLOW,TPL,NE,PLAINS,USGS-MRL,,,ng/g,ng/g,1.3,28.8,649593,8/19/2016
7370,NLA12_IN-108,1,7/23/2012,PLNLOW,UMW,IN,UMW,USGS-MRL,,,ng/g,ng/g,1.5,39.56,654663,8/19/2016
7372,NLA12_MS-103,1,7/23/2012,PLNLOW,CPL,MS,CPL,USGS-MRL,,,ng/g,ng/g,1.7,101.63,621603,8/19/2016
7374,NLA12_AL-101,2,7/21/2012,EHIGH,SAP,AL,EHIGH,USGS-MRL,,,ng/g,ng/g,0.86,111.7,646623,8/19/2016
7375,NLA12_AL-112,1,7/22/2012,PLNLOW,CPL,AL,CPL,USGS-MRL,,,ng/g,ng/g,0.45,93.09,646563,8/19/2016
7381,NLA12_MN-126,1,7/24/2012,PLNLOW,UMW,MN,UMW,USGS-MRL,,,ng/g,ng/g,0.81,112.75,628893,8/19/2016
7383,NLA12_WY-124,1,7/24/2012,WMTNS,WMT,WY,WMTNS,USGS-MRL,,,ng/g,ng/g,0.49,76.39,650013,8/19/2016
7384,NLA12_ND-109,1,7/24/2012,PLNLOW,NPL,ND,PLAINS,USGS-MRL,,,ng/g,ng/g,0.36,51.76,636753,8/19/2016
7385,NLA12_IL-120,1,7/24/2012,PLNLOW,TPL,IL,PLAINS,USGS-MRL,,,ng/g,ng/g,2.8,67.8,635343,8/19/2016
7392,NLA12_AR-101,1,7/23/2012,PLNLOW,CPL,AR,CPL,USGS-MRL,,,ng/g,ng/g,1,222.22,643713,8/19/2016
7394,NLA12_AL-105,2,7/24/2012,PLNLOW,CPL,AL,CPL,USGS-MRL,,,ng/g,ng/g,0.57,115.58,646773,8/19/2016
7395,NLA12_CO-129,1,7/24/2012,PLNLOW,SPL,CO,PLAINS,USGS-MRL,,,ng/g,ng/g,0.08,22.02,654453,8/19/2016
7402,NLA12_OK-119,1,7/24/2012,PLNLOW,SPL,OK,PLAINS,USGS-MRL,,,ng/g,ng/g,1.4,31.43,621153,8/19/2016
7403,NLA12_MN-141,1,7/24/2012,PLNLOW,UMW,MN,UMW,USGS-MRL,,,ng/g,ng/g,1.6,27.31,655833,8/19/2016
7404,NLA12_MS-126,1,7/24/2012,PLNLOW,CPL,MS,CPL,USGS-MRL,,,ng/g,ng/g,1.2,114.43,656553,8/19/2016
7405,NLA12_NE-110,1,7/24/2012,PLNLOW,TPL,NE,PLAINS,USGS-MRL,,,ng/g,ng/g,0.76,32.68,649743,8/19/2016
7409,NLA12_AR-105,1,7/24/2012,PLNLOW,CPL,AR,CPL,USGS-MRL,,,ng/g,ng/g,1.1,191.18,643683,8/19/2016
7410,NLA12_VA-104,1,7/25/2012,EHIGH,SAP,VA,EHIGH,USGS-MRL,,,ng/g,ng/g,1,56.05,652953,8/19/2016
7411,NLA12_MN-110,1,7/25/2012,PLNLOW,UMW,MN,UMW,USGS-MRL,,,ng/g,ng/g,0.81,140.85,631803,8/19/2016
7412,NLA12_ID-210,1,7/24/2012,WMTNS,WMT,ID,WMTNS,USGS-MRL,,,ng/g,ng/g,0.53,86.42,652023,8/19/2016
7413,NLA12_ID-145,1,7/23/2012,WMTNS,WMT,ID,WMTNS,USGS-MRL,,,ng/g,ng/g,0.86,76.6,648093,8/19/2016
7414,NLA12_SD-189,1,7/25/2012,PLNLOW,NPL,SD,PLAINS,USGS-MRL,,,ng/g,ng/g,0.16,34.59,648813,8/19/2016
7416,NLA12_MO-101,1,7/24/2012,PLNLOW,TPL,MO,PLAINS,USGS-MRL,,,ng/g,ng/g,0.87,35.59,643293,8/19/2016
7417,NLA12_ND-149,1,7/25/2012,PLNLOW,NPL,ND,PLAINS,USGS-MRL,,,ng/g,ng/g,0.67,59.21,636723,8/19/2016
7418,NLA12_ND-164,1,7/25/2012,PLNLOW,NPL,ND,PLAINS,USGS-MRL,,,ng/g,ng/g,2.1,49.02,636693,8/19/2016
7420,NLA12_ME-134,1,7/24/2012,EHIGH,NAP,ME,EHIGH,USGS-MRL,,,ng/g,ng/g,0.82,57.28,644763,8/19/2016
7423,NLA12_CA-166,1,7/24/2012,WMTNS,WMT,CA,WMTNS,USGS-MRL,,,ng/g,,8.9,,647733,8/19/2016
7424,NLA12_CA-112,1,7/25/2012,WMTNS,XER,CA,WMTNS,USGS-MRL,,,ng/g,ng/g,0.39,27.92,647763,8/19/2016
7425,NLA12_MN-157,1,7/25/2012,PLNLOW,UMW,MN,UMW,USGS-MRL,,,ng/g,ng/g,0.77,89.89,655803,8/19/2016
7433,NLA12_MS-105,1,7/25/2012,PLNLOW,CPL,MS,CPL,USGS-MRL,,,ng/g,ng/g,1.7,70.71,630033,8/19/2016
7435,NLA12_NE-129,1,7/25/2012,PLNLOW,TPL,NE,PLAINS,USGS-MRL,,,ng/g,ng/g,0.23,15.74,649713,8/19/2016
7442,NLA12_IN-160,1,7/25/2012,PLNLOW,UMW,IN,UMW,USGS-MRL,,,ng/g,ng/g,2.3,152.26,654153,8/19/2016
7443,NLA12_IN-172,1,7/25/2012,PLNLOW,UMW,IN,UMW,USGS-MRL,,,ng/g,ng/g,0.84,103.14,654603,8/19/2016
7444,NLA12_IN-128,1,7/26/2012,PLNLOW,UMW,IN,UMW,USGS-MRL,,,ng/g,ng/g,0.49,38.96,654633,8/19/2016
7446,NLA12_IL-109,1,7/25/2012,PLNLOW,TPL,IL,PLAINS,USGS-MRL,,,ng/g,ng/g,6.4,47.78,635403,8/19/2016
7449,NLA12_ND-193,1,7/26/2012,PLNLOW,NPL,ND,PLAINS,USGS-MRL,,,ng/g,ng/g,1.4,52.96,636903,8/19/2016
7450,NLA12_CT-107,1,7/25/2012,EHIGH,NAP,CT,EHIGH,USGS-MRL,,,ng/g,ng/g,12,253.42,652323,8/19/2016
7451,NLA12_SD-165,1,7/26/2012,PLNLOW,NPL,SD,PLAINS,USGS-MRL,,,ng/g,ng/g,1,42.42,641853,8/19/2016
7453,NLA12_GA-104,1,7/25/2012,EHIGH,SAP,GA,EHIGH,USGS-MRL,,,ng/g,ng/g,0.59,93.43,646953,8/19/2016
7455,NLA12_VA-126,1,7/26/2012,EHIGH,SAP,VA,EHIGH,USGS-MRL,,,ng/g,ng/g,0.42,76.92,653523,8/19/2016
7459,NLA12_AL-114,1,7/26/2012,EHIGH,SAP,AL,EHIGH,USGS-MRL,,,ng/g,ng/g,0.81,58.68,646713,8/19/2016
7460,NLA12_SD-132,1,7/26/2012,PLNLOW,NPL,SD,PLAINS,USGS-MRL,,,ng/g,ng/g,0.65,47.41,652413,8/19/2016
7462,NLA12_IA-102,1,7/26/2012,PLNLOW,TPL,IA,PLAINS,USGS-MRL,,,ng/g,ng/g,0.52,64.78,626673,8/19/2016
7463,NLA12_ME-109,1,7/25/2012,EHIGH,NAP,ME,EHIGH,USGS-MRL,,,ng/g,ng/g,6.3,192.55,644973,8/19/2016
7471,NLA12_MT-160,1,7/26/2012,PLNLOW,NPL,MT,PLAINS,USGS-MRL,,,ng/g,ng/g,0.44,28.52,622773,8/19/2016
7472,NLA12_MT-156,1,7/26/2012,PLNLOW,NPL,MT,PLAINS,USGS-MRL,,,ng/g,ng/g,0.35,61.5,649233,8/19/2016
7475,NLA12_AZ-107,1,7/26/2012,WMTNS,XER,AZ,WMTNS,USGS-MRL,,,ng/g,ng/g,0.16,30.32,620493,8/19/2016
7476,NLA12_CO-125,1,7/26/2012,WMTNS,WMT,CO,WMTNS,USGS-MRL,,,ng/g,ng/g,0.79,113.21,655923,8/19/2016
7477,NLA12_ID-142,1,7/27/2012,WMTNS,WMT,ID,WMTNS,USGS-MRL,,,ng/g,ng/g,2.5,77.32,654813,8/19/2016
7478,NLA12_ID-158,1,7/26/2012,WMTNS,WMT,ID,WMTNS,USGS-MRL,,,ng/g,ng/g,0.68,89.11,654843,8/19/2016
7479,NLA12_ID-215,1,7/25/2012,WMTNS,WMT,ID,WMTNS,USGS-MRL,,,ng/g,ng/g,0.24,140,651993,8/19/2016
7482,NLA12_ND-129,1,7/27/2012,PLNLOW,NPL,ND,PLAINS,USGS-MRL,,,ng/g,ng/g,0.37,42.72,636663,8/19/2016
7483,NLA12_TX-114,1,7/26/2012,PLNLOW,SPL,TX,PLAINS,USGS-MRL,,,ng/g,ng/g,0.34,53.69,643893,8/19/2016
7490,NLA12_NY-0108,1,7/27/2012,EHIGH,NAP,NY,EHIGH,USGS-MRL,,,ng/g,ng/g,1,133.69,628053,8/19/2016
7496,NLA12_TX-205,1,7/27/2012,PLNLOW,CPL,TX,CPL,USGS-MRL,,,ng/g,ng/g,0.4,15.45,632733,8/19/2016
7497,NLA12_WY-120,1,7/29/2012,WMTNS,WMT,WY,WMTNS,USGS-MRL,,,ng/g,ng/g,0.93,137.25,650193,8/19/2016
7498,NLA12_WY-117,1,7/26/2012,WMTNS,WMT,WY,WMTNS,USGS-MRL,,,ng/g,ng/g,0.14,34.51,650253,8/19/2016
7499,NLA12_WY-103,1,7/28/2012,WMTNS,XER,WY,WMTNS,USGS-MRL,,,ng/g,ng/g,0.16,39.87,650223,8/19/2016
7503,NLA12_MS-112,1,7/29/2012,PLNLOW,CPL,MS,CPL,USGS-MRL,,,ng/g,ng/g,0.6,125.75,656733,8/19/2016
7504,NLA12_MS-125,1,7/28/2012,PLNLOW,CPL,MS,CPL,USGS-MRL,,,ng/g,ng/g,0.21,74.79,656583,8/19/2016
7512,NLA12_SD-212,1,7/27/2012,PLNLOW,NPL,SD,PLAINS,USGS-MRL,,,ng/g,ng/g,1.1,75.8,652383,8/19/2016
7518,NLA12_ND-103,1,7/30/2012,PLNLOW,NPL,ND,PLAINS,USGS-MRL,,,ng/g,ng/g,0.26,33.22,636813,8/19/2016
7520,NLA12_VT-103,1,7/30/2012,EHIGH,NAP,VT,EHIGH,USGS-MRL,,,ng/g,ng/g,0.38,83.85,651003,8/19/2016
7526,NLA12_ND-172,1,7/30/2012,PLNLOW,NPL,ND,PLAINS,USGS-MRL,,,ng/g,ng/g,1.1,53.44,623703,8/19/2016
7527,NLA12_MD-118,1,7/30/2012,PLNLOW,CPL,MD,CPL,USGS-MRL,,,ng/g,ng/g,1.1,136.08,647253,8/19/2016
7529,NLA12_CA-145,1,7/30/2012,WMTNS,XER,CA,WMTNS,USGS-MRL,,,ng/g,,14,,647703,8/19/2016
7530,NLA12_FL-103,1,7/30/2012,PLNLOW,CPL,FL,CPL,USGS-MRL,,,ng/g,ng/g,0.67,144.19,630573,8/19/2016
7531,NLA12_FL-108,1,7/28/2012,PLNLOW,CPL,FL,CPL,USGS-MRL,,,ng/g,ng/g,0.08,5.52,646653,8/19/2016
7533,NLA12_ID-166,1,7/30/2012,WMTNS,XER,ID,WMTNS,USGS-MRL,,,ng/g,ng/g,0.23,10.42,651813,8/19/2016
7534,NLA12_ME-110,1,7/30/2012,EHIGH,NAP,ME,EHIGH,USGS-MRL,,,ng/g,ng/g,2,136.99,645093,8/19/2016
7535,NLA12_MS-128,1,7/30/2012,PLNLOW,CPL,MS,CPL,USGS-MRL,,,ng/g,ng/g,0.97,80.43,656613,8/19/2016
7536,NLA12_SD-107,1,7/30/2012,WMTNS,WMT,SD,WMTNS,USGS-MRL,,,ng/g,ng/g,0.78,108.11,641883,8/19/2016
7537,NLA12_VA-102,1,7/30/2012,EHIGH,SAP,VA,EHIGH,USGS-MRL,,,ng/g,ng/g,1.8,177.26,641373,8/19/2016
7543,NLA12_ND-160,1,7/31/2012,PLNLOW,NPL,ND,PLAINS,USGS-MRL,,,ng/g,ng/g,0.44,49.24,636603,8/19/2016
7544,NLA12_NH-107,1,7/31/2012,EHIGH,NAP,NH,EHIGH,USGS-MRL,,,ng/g,ng/g,0.77,76.92,649083,8/19/2016
7548,NLA12_IN-127,1,7/31/2012,EHIGH,SAP,IN,EHIGH,USGS-MRL,,,ng/g,ng/g,0.54,52.63,655893,8/19/2016
7549,NLA12_ID-110,1,7/30/2012,WMTNS,XER,ID,WMTNS,USGS-MRL,,,ng/g,ng/g,1.7,60.47,654873,8/19/2016
7552,NLA12_SD-119,1,7/31/2012,PLNLOW,NPL,SD,PLAINS,USGS-MRL,,,ng/g,ng/g,0.66,51.85,641823,8/19/2016
7558,NLA12_MD-108,1,7/31/2012,EHIGH,SAP,MD,EHIGH,USGS-MRL,,,ng/g,ng/g,0.24,44.6,647223,8/19/2016
7559,NLA12_ND-194,1,7/31/2012,PLNLOW,TPL,ND,PLAINS,USGS-MRL,,,ng/g,ng/g,0.08,78.84,645963,8/19/2016
7560,NLA12_OR-129,1,7/30/2012,WMTNS,WMT,OR,WMTNS,USGS-MRL,,,ng/g,ng/g,0.97,140,650463,8/19/2016
7563,NLA12_CA-128,1,7/31/2012,WMTNS,WMT,CA,WMTNS,USGS-MRL,,,ng/g,ng/g,0.84,66.82,647673,8/19/2016
7564,NLA12_VA-119,1,7/31/2012,PLNLOW,CPL,VA,CPL,USGS-MRL,,,ng/g,ng/g,0.75,38.96,624663,8/19/2016
7570,NLA12_ME-106,1,7/31/2012,EHIGH,NAP,ME,EHIGH,USGS-MRL,,,ng/g,ng/g,2.4,214.69,645063,8/19/2016
7571,NLA12_MS-113,1,7/31/2012,PLNLOW,CPL,MS,CPL,USGS-MRL,,,ng/g,ng/g,0.4,95.54,656643,8/19/2016
7572,NLA12_OH-102,1,7/31/2012,PLNLOW,TPL,OH,PLAINS,USGS-MRL,,,ng/g,ng/g,0.19,81.36,656163,8/19/2016
7573,NLA12_MN-104,1,7/31/2012,PLNLOW,UMW,MN,UMW,USGS-MRL,,,ng/g,ng/g,3.4,70.35,631773,8/19/2016
7574,NLA12_MN-131,1,7/31/2012,PLNLOW,TPL,MN,PLAINS,USGS-MRL,,,ng/g,ng/g,0.15,42.42,655683,8/19/2016
7579,NLA12_IN-111,1,7/31/2012,PLNLOW,TPL,IN,PLAINS,USGS-MRL,,,ng/g,ng/g,6.1,58.44,653973,8/19/2016
7581,NLA12_MN-143,1,8/1/2012,PLNLOW,UMW,MN,UMW,USGS-MRL,,,ng/g,ng/g,3.2,73.68,655653,8/19/2016
7582,NLA12_CT-126,1,8/1/2012,EHIGH,NAP,CT,EHIGH,USGS-MRL,,,ng/g,ng/g,1.5,211.68,652563,8/19/2016
7584,NLA12_IN-101,1,8/1/2012,PLNLOW,TPL,IN,PLAINS,USGS-MRL,,,ng/g,ng/g,1.5,121.39,656283,8/19/2016
7586,NLA12_VA-106,1,8/1/2012,PLNLOW,CPL,VA,CPL,USGS-MRL,,,ng/g,ng/g,1.4,88.44,653373,8/19/2016
7587,NLA12_ID-203,1,8/1/2012,WMTNS,WMT,ID,WMTNS,USGS-MRL,,,ng/g,ng/g,0.3,54.05,651963,8/19/2016
7588,NLA12_ID-122,1,7/31/2012,WMTNS,XER,ID,WMTNS,USGS-MRL,,,ng/g,ng/g,0.47,42.9,651843,8/19/2016
7589,NLA12_IN-130,1,8/1/2012,EHIGH,SAP,IN,EHIGH,USGS-MRL,,,ng/g,ng/g,0.91,63.16,656253,8/19/2016
7590,NLA12_ID-198,1,7/31/2012,WMTNS,XER,ID,WMTNS,USGS-MRL,,,ng/g,ng/g,0.77,61.92,654693,8/19/2016
7592,NLA12_IN-113,1,7/30/2012,PLNLOW,UMW,IN,UMW,USGS-MRL,,,ng/g,ng/g,0.66,67.48,654093,8/19/2016
7593,NLA12_UT-167,1,8/1/2012,WMTNS,XER,UT,WMTNS,USGS-MRL,,,ng/g,ng/g,0.08,27.85,647043,8/19/2016
7595,NLA12_PA-117,1,8/1/2012,EHIGH,SAP,PA,EHIGH,USGS-MRL,,,ng/g,ng/g,0.5,108,620883,8/19/2016
7596,NLA12_PA-106,1,7/31/2012,EHIGH,SAP,PA,EHIGH,USGS-MRL,,,ng/g,ng/g,0.46,180.2,644103,8/19/2016
7597,NLA12_ME-103,1,8/1/2012,EHIGH,NAP,ME,EHIGH,USGS-MRL,,,ng/g,ng/g,3.6,304.81,645153,8/19/2016
7598,NLA12_OK-288,1,8/1/2012,PLNLOW,CPL,OK,CPL,USGS-MRL,,,ng/g,ng/g,0.34,92.88,656433,8/19/2016
7615,NLA12_OR-107,1,8/1/2012,WMTNS,WMT,OR,WMTNS,USGS-MRL,,,ng/g,ng/g,0.71,72.06,650493,8/19/2016
7622,NLA12_OR-145,1,7/31/2012,WMTNS,WMT,OR,WMTNS,USGS-MRL,,,ng/g,ng/g,2.7,135.28,650373,8/19/2016
7623,NLA12_MT-110,1,8/1/2012,WMTNS,WMT,MT,WMTNS,USGS-MRL,,,ng/g,ng/g,0.46,248.73,622443,8/19/2016
7625,NLA12_MT-152,1,7/31/2012,WMTNS,WMT,MT,WMTNS,USGS-MRL,,,ng/g,ng/g,0.6,152.54,622713,8/19/2016
7631,NLA12_WY-133,1,7/31/2012,WMTNS,WMT,WY,WMTNS,USGS-MRL,,,ng/g,ng/g,0.24,69.5,650163,8/19/2016
7633,NLA12_IN-147,1,8/2/2012,PLNLOW,TPL,IN,PLAINS,USGS-MRL,,,ng/g,ng/g,0.35,90.69,656343,8/19/2016
7637,NLA12_OH-137,1,8/2/2012,EHIGH,NAP,OH,EHIGH,USGS-MRL,,,ng/g,ng/g,1.3,266.67,651693,8/19/2016
7640,NLA12_TX-113,1,8/2/2012,PLNLOW,CPL,TX,CPL,USGS-MRL,,,ng/g,ng/g,0.4,37.97,658743,8/19/2016
7643,NLA12_UT-196,1,8/2/2012,WMTNS,WMT,UT,WMTNS,USGS-MRL,,,ng/g,ng/g,0.2,36.92,620223,8/19/2016
7644,NLA12_ND-202,1,8/2/2012,PLNLOW,NPL,ND,PLAINS,USGS-MRL,,,ng/g,ng/g,0.41,34.18,636843,8/19/2016
7645,NLA12_ND-198,1,8/1/2012,PLNLOW,TPL,ND,PLAINS,USGS-MRL,,,ng/g,ng/g,0.22,59.03,636633,8/19/2016
7649,NLA12_ND-190,1,8/2/2012,PLNLOW,TPL,ND,PLAINS,USGS-MRL,,,ng/g,ng/g,0.34,48.61,636873,8/19/2016
7650,NLA12_ME-121,1,8/2/2012,EHIGH,NAP,ME,EHIGH,USGS-MRL,,,ng/g,ng/g,2.5,270.74,644793,8/19/2016
7652,NLA12_OH-134,1,8/2/2012,PLNLOW,TPL,OH,PLAINS,USGS-MRL,,,ng/g,ng/g,1,55.3,656193,8/19/2016
7671,NLA12_ID-104,1,8/2/2012,WMTNS,XER,ID,WMTNS,USGS-MRL,,,ng/g,ng/g,0.27,33.33,651873,8/19/2016
7684,NLA12_CO-121,1,8/1/2012,WMTNS,WMT,CO,WMTNS,USGS-MRL,,,ng/g,ng/g,0.38,50.36,654423,8/19/2016
7685,NLA12_WA-102,1,8/2/2012,WMTNS,WMT,WA,WMTNS,USGS-MRL,,,ng/g,ng/g,4.9,76.14,653883,8/19/2016
7686,NLA12_CO-117,1,8/2/2012,WMTNS,WMT,CO,WMTNS,USGS-MRL,,,ng/g,ng/g,0.25,66.54,654393,8/19/2016
7698,NLA12_WY-115,1,8/3/2012,WMTNS,XER,WY,WMTNS,USGS-MRL,,,ng/g,ng/g,0.09,36.36,634983,8/19/2016
7701,NLA12_ND-145,1,8/6/2012,PLNLOW,NPL,ND,PLAINS,USGS-MRL,,,ng/g,ng/g,1,58.58,636933,8/19/2016
7703,NLA12_IN-134,1,8/6/2012,PLNLOW,TPL,IN,PLAINS,USGS-MRL,,,ng/g,ng/g,1,107.3,654123,8/19/2016
7706,NLA12_ME-130,1,8/6/2012,EHIGH,NAP,ME,EHIGH,USGS-MRL,,,ng/g,ng/g,3.8,190.87,645273,8/19/2016
7707,NLA12_ND-131,1,8/6/2012,PLNLOW,NPL,ND,PLAINS,USGS-MRL,,,ng/g,ng/g,0.47,67.92,640593,8/19/2016
7712,NLA12_CA-188,1,8/6/2012,WMTNS,XER,CA,WMTNS,USGS-MRL,,,ng/g,ng/g,1.8,151.23,647613,8/19/2016
7713,NLA12_MT-124,1,8/6/2012,WMTNS,WMT,MT,WMTNS,USGS-MRL,,,ng/g,ng/g,0.73,86.96,621063,8/19/2016
7714,NLA12_SD-147,1,8/6/2012,PLNLOW,NPL,SD,PLAINS,USGS-MRL,,,ng/g,ng/g,0.38,65.69,658083,8/19/2016
7719,NLA12_OR-105,1,8/6/2012,WMTNS,WMT,OR,WMTNS,USGS-MRL,,,ng/g,ng/g,0.79,117.87,650283,8/19/2016
7723,NLA12_MN-121,1,8/6/2012,PLNLOW,UMW,MN,UMW,USGS-MRL,,,ng/g,ng/g,0.19,44.87,655623,8/19/2016
7729,NLA12_DE-101,1,8/6/2012,PLNLOW,CPL,DE,CPL,USGS-MRL,,,ng/g,ng/g,0.36,83.85,622893,8/19/2016
7730,NLA12_SD-137,1,8/7/2012,PLNLOW,NPL,SD,PLAINS,USGS-MRL,,,ng/g,ng/g,0.78,50.85,649443,8/19/2016
7734,NLA12_TX-104,1,8/7/2012,PLNLOW,SPL,TX,PLAINS,USGS-MRL,,,ng/g,ng/g,0.22,20.57,652623,8/19/2016
7735,NLA12_WI-144,1,7/26/2012,PLNLOW,UMW,WI,UMW,USGS-MRL,,,ng/g,ng/g,0.64,109.38,656973,8/19/2016
7737,NLA12_MN-119,1,8/7/2012,PLNLOW,TPL,MN,PLAINS,USGS-MRL,,,ng/g,ng/g,0.26,64.98,655563,8/19/2016
7739,NLA12_OK-132,1,8/7/2012,PLNLOW,SPL,OK,PLAINS,USGS-MRL,,,ng/g,ng/g,0.38,27.65,633513,8/19/2016
7740,NLA12_CA-119,1,8/7/2012,WMTNS,XER,CA,WMTNS,USGS-MRL,,,ng/g,ng/g,0.36,78.48,647583,8/19/2016
7747,NLA12_OR-154,1,8/7/2012,WMTNS,WMT,OR,WMTNS,USGS-MRL,,,ng/g,ng/g,0.37,46.57,634203,8/19/2016
7748,NLA12_MN-103,1,8/7/2012,PLNLOW,UMW,MN,UMW,USGS-MRL,,,ng/g,ng/g,1.9,133.33,621753,8/19/2016
7753,NLA12_IN-144,1,8/8/2012,PLNLOW,UMW,IN,UMW,USGS-MRL,,,ng/g,ng/g,0.9,61.86,661023,8/19/2016
7754,NLA12_IN-110,1,8/6/2012,PLNLOW,UMW,IN,UMW,USGS-MRL,,,ng/g,ng/g,0.91,56.77,656313,8/19/2016
7757,NLA12_IN-105,1,8/7/2012,PLNLOW,TPL,IN,PLAINS,USGS-MRL,,,ng/g,ng/g,1,89.74,656223,8/19/2016
7764,NLA12_OK-292,1,8/8/2012,PLNLOW,SPL,OK,PLAINS,USGS-MRL,,,ng/g,ng/g,0.26,19.84,656403,8/19/2016
7765,NLA12_MN-106,1,8/8/2012,PLNLOW,UMW,MN,UMW,USGS-MRL,,,ng/g,ng/g,0.41,61.89,655533,8/19/2016
7767,NLA12_MN-115,1,8/8/2012,PLNLOW,UMW,MN,UMW,USGS-MRL,,,ng/g,ng/g,2.2,62.8,655593,8/19/2016
7769,NLA12_AL-113,1,8/8/2012,PLNLOW,CPL,AL,CPL,USGS-MRL,,,ng/g,ng/g,0.61,61.32,661893,8/19/2016
7770,NLA12_NC-104,1,8/8/2012,PLNLOW,CPL,NC,CPL,USGS-MRL,,,ng/g,ng/g,19,237.9,659103,8/19/2016
7773,NLA12_ME-101,1,8/8/2012,EHIGH,NAP,ME,EHIGH,USGS-MRL,,,ng/g,ng/g,5.1,173.63,644193,8/19/2016
7774,NLA12_ME-126,1,8/7/2012,EHIGH,NAP,ME,EHIGH,USGS-MRL,,,ng/g,ng/g,2.2,123.55,644283,8/19/2016
7775,NLA12_NE-107,1,8/8/2012,PLNLOW,SPL,NE,PLAINS,USGS-MRL,,,ng/g,ng/g,0.08,33.59,659643,8/19/2016
7776,NLA12_OR-112,1,8/8/2012,WMTNS,WMT,OR,WMTNS,USGS-MRL,,,ng/g,ng/g,0.68,61.59,634173,8/19/2016
7777,NLA12_VA-112,1,8/8/2012,PLNLOW,CPL,VA,CPL,USGS-MRL,,,ng/g,ng/g,0.3,90.6,653493,8/19/2016
7778,NLA12_VA-123,1,8/8/2012,PLNLOW,CPL,VA,CPL,USGS-MRL,,,ng/g,ng/g,2.1,259.14,659133,8/19/2016
7787,NLA12_MI-150,1,8/7/2012,PLNLOW,UMW,MI,UMW,USGS-MRL,,,ng/g,ng/g,6.9,222.22,639603,8/19/2016
7791,NLA12_GA-111,1,8/8/2012,PLNLOW,CPL,GA,CPL,USGS-MRL,,,ng/g,ng/g,0.68,184.21,657903,8/19/2016
7793,NLA12_IN-102,1,8/9/2012,PLNLOW,UMW,IN,UMW,USGS-MRL,,,ng/g,ng/g,0.42,47.41,654573,8/19/2016
7794,NLA12_IN-106,1,8/9/2012,PLNLOW,UMW,IN,UMW,USGS-MRL,,,ng/g,ng/g,2.8,57.69,660993,8/19/2016
7795,NLA12_MI-125,1,8/8/2012,PLNLOW,UMW,MI,UMW,USGS-MRL,,,ng/g,ng/g,0.77,384.62,651363,8/19/2016
7796,NLA12_CA-108,1,8/8/2012,WMTNS,XER,CA,WMTNS,USGS-MRL,,,ng/g,ng/g,0.47,25.55,647523,8/19/2016
7798,NLA12_UT-118,1,8/8/2012,WMTNS,WMT,UT,WMTNS,USGS-MRL,,,ng/g,ng/g,0.34,93.43,648363,8/19/2016
7800,NLA12_CT-103,1,8/9/2012,EHIGH,NAP,CT,EHIGH,USGS-MRL,,,ng/g,ng/g,1.6,188.68,644313,8/19/2016
7802,NLA12_MN-177,1,8/9/2012,PLNLOW,UMW,MN,UMW,USGS-MRL,,,ng/g,ng/g,1.1,81.52,628863,8/19/2016
7804,NLA12_TX-116,1,8/9/2012,PLNLOW,SPL,TX,PLAINS,USGS-MRL,,,ng/g,ng/g,1,65.9,658023,8/19/2016
7805,NLA12_IN-166,1,8/7/2012,PLNLOW,TPL,IN,PLAINS,USGS-MRL,,,ng/g,ng/g,0.56,22.47,653943,8/19/2016
7808,NLA12_WI-134,1,8/9/2012,PLNLOW,TPL,WI,PLAINS,USGS-MRL,,,ng/g,ng/g,1.2,80,,8/19/2016
7810,NLA12_OR-102,1,8/9/2012,WMTNS,XER,OR,WMTNS,USGS-MRL,,,ng/g,ng/g,0.08,18.08,650403,8/19/2016
7811,NLA12_AR-109,1,8/8/2012,PLNLOW,CPL,AR,CPL,USGS-MRL,,,ng/g,ng/g,0.67,62.5,643653,8/19/2016
7812,NLA12_AR-104,1,8/9/2012,EHIGH,SAP,AR,EHIGH,USGS-MRL,,,ng/g,ng/g,1.2,59.43,643623,8/19/2016
7814,NLA12_FL-130,1,8/9/2012,PLNLOW,CPL,FL,CPL,USGS-MRL,,,ng/g,ng/g,2.4,360.78,661863,8/19/2016
7815,NLA12_MN-167,1,8/9/2012,PLNLOW,TPL,MN,PLAINS,USGS-MRL,,,ng/g,ng/g,1.1,33.98,628953,8/19/2016
7816,NLA12_NC-127,1,8/9/2012,PLNLOW,CPL,NC,CPL,USGS-MRL,,,ng/g,ng/g,1.4,181.82,659073,8/19/2016
7819,NLA12_ME-120,1,8/9/2012,EHIGH,NAP,ME,EHIGH,USGS-MRL,,,ng/g,ng/g,1.4,212.03,644823,8/19/2016
7821,NLA12_AZ-103,1,8/9/2012,WMTNS,WMT,AZ,WMTNS,USGS-MRL,,,ng/g,ng/g,0.98,77.83,627123,8/19/2016
7826,NLA12_FL-102,2,8/10/2012,PLNLOW,CPL,FL,CPL,USGS-MRL,,,ng/g,ng/g,0.61,226.8,660753,8/19/2016
7827,NLA12_CO-133,1,8/8/2012,WMTNS,WMT,CO,WMTNS,USGS-MRL,,,ng/g,ng/g,0.5,76.5,655383,8/19/2016
7828,NLA12_MN-160,1,8/10/2012,PLNLOW,UMW,MN,UMW,USGS-MRL,,,ng/g,ng/g,1.9,181.82,628923,8/19/2016
7829,NLA12_IN-159,1,8/10/2012,PLNLOW,TPL,IN,PLAINS,USGS-MRL,,,ng/g,ng/g,4.8,72.87,655863,8/19/2016
7830,NLA12_NE-111,1,8/10/2012,PLNLOW,SPL,NE,PLAINS,USGS-MRL,,,ng/g,ng/g,0.08,22.37,659583,8/19/2016
7836,NLA12_FL-109,1,8/11/2012,PLNLOW,CPL,FL,CPL,USGS-MRL,,,ng/g,ng/g,1.4,289.68,661833,8/19/2016
7839,NLA12_FL-105,1,8/12/2012,PLNLOW,CPL,FL,CPL,USGS-MRL,,,ng/g,ng/g,1.9,188.31,661803,8/19/2016
7840,NLA12_NE-112,1,8/12/2012,PLNLOW,SPL,NE,PLAINS,USGS-MRL,,,ng/g,ng/g,0.24,42.55,659553,8/19/2016
7841,NLA12_UT-218,1,8/10/2012,WMTNS,WMT,UT,WMTNS,USGS-MRL,,,ng/g,ng/g,0.58,76.92,647133,8/19/2016
7844,NLA12_SC-112,2,8/12/2012,PLNLOW,CPL,SC,CPL,USGS-MRL,,,ng/g,ng/g,0.19,70.87,658803,8/19/2016
7845,NLA12_NC-124,1,8/10/2012,EHIGH,SAP,NC,EHIGH,USGS-MRL,,,ng/g,ng/g,0.92,111.11,659043,8/19/2016
7846,NLA12_NC-115,1,8/11/2012,PLNLOW,CPL,NC,CPL,USGS-MRL,,,ng/g,ng/g,1.7,85.15,658833,8/19/2016
7856,NLA12_SD-131,1,8/13/2012,PLNLOW,NPL,SD,PLAINS,USGS-MRL,,,ng/g,ng/g,0.44,57.69,643113,8/19/2016
7858,NLA12_ND-156,1,8/13/2012,PLNLOW,NPL,ND,PLAINS,USGS-MRL,,,ng/g,ng/g,0.37,58.22,625593,8/19/2016
7859,NLA12_WY-116,1,8/5/2012,WMTNS,WMT,WY,WMTNS,USGS-MRL,,,ng/g,ng/g,2.6,437.5,650133,8/19/2016
7862,NLA12_SC-118,1,8/13/2012,PLNLOW,CPL,SC,CPL,USGS-MRL,,,ng/g,ng/g,0.28,118.9,658773,8/19/2016
7895,NLA12_IN-120,1,8/14/2012,PLNLOW,UMW,IN,UMW,USGS-MRL,,,ng/g,ng/g,1.1,50.55,661053,8/19/2016
7896,NLA12_IN-145,1,8/13/2012,PLNLOW,UMW,IN,UMW,USGS-MRL,,,ng/g,ng/g,0.33,63.22,661323,8/19/2016
7909,NLA12_FL-126,1,8/13/2012,PLNLOW,CPL,FL,CPL,USGS-MRL,,,ng/g,ng/g,1.1,99.07,661773,8/19/2016
7911,NLA12_MO-105,1,8/14/2012,EHIGH,SAP,MO,EHIGH,USGS-MRL,,,ng/g,ng/g,0.21,92.9,656043,8/19/2016
7912,NLA12_MO-110,1,8/13/2012,EHIGH,SAP,MO,EHIGH,USGS-MRL,,,ng/g,ng/g,0.54,92.31,656103,8/19/2016
7915,NLA12_WA-109,1,8/14/2012,WMTNS,WMT,WA,WMTNS,USGS-MRL,,,ng/g,ng/g,2.1,180.09,653733,8/19/2016
7916,NLA12_CA-103,1,8/13/2012,WMTNS,WMT,CA,WMTNS,USGS-MRL,,,ng/g,ng/g,1.3,58.67,647553,8/19/2016
7917,NLA12_ME-102,1,8/13/2012,EHIGH,NAP,ME,EHIGH,USGS-MRL,,,ng/g,ng/g,0.8,300,645183,8/19/2016
7918,NLA12_OR-109,1,8/13/2012,WMTNS,WMT,OR,WMTNS,USGS-MRL,,,ng/g,ng/g,0.94,52.85,661413,8/19/2016
7922,NLA12_IN-187,1,8/14/2012,PLNLOW,TPL,IN,PLAINS,USGS-MRL,,,ng/g,ng/g,1.1,117.95,661143,8/19/2016
7923,NLA12_ME-116,1,8/14/2012,EHIGH,NAP,ME,EHIGH,USGS-MRL,,,ng/g,ng/g,4.2,216.05,644883,8/19/2016
7924,NLA12_MN-152,1,8/14/2012,PLNLOW,UMW,MN,UMW,USGS-MRL,,,ng/g,ng/g,1.4,62.86,646833,8/19/2016
7925,NLA12_MT-140,1,8/14/2012,WMTNS,WMT,MT,WMTNS,USGS-MRL,,,ng/g,ng/g,3,79.37,622473,8/19/2016
7926,NLA12_NE-125,1,8/14/2012,PLNLOW,SPL,NE,PLAINS,USGS-MRL,,,ng/g,ng/g,0.77,58.14,659193,8/19/2016
7927,NLA12_SC-102,1,8/14/2012,PLNLOW,CPL,SC,CPL,USGS-MRL,,,ng/g,ng/g,1.6,165.35,663363,8/19/2016
7933,NLA12_IL-112,1,8/15/2012,PLNLOW,TPL,IL,PLAINS,USGS-MRL,,,ng/g,ng/g,0.61,86.02,658323,8/19/2016
7942,NLA12_MN-112,1,8/14/2012,PLNLOW,UMW,MN,UMW,USGS-MRL,,,ng/g,ng/g,1.4,49.7,630873,8/19/2016
7943,NLA12_WI-161,1,8/14/2012,PLNLOW,UMW,WI,UMW,USGS-MRL,,,ng/g,ng/g,0.61,103.85,,8/19/2016
7949,NLA12_OR-128,1,8/14/2012,WMTNS,WMT,OR,WMTNS,USGS-MRL,,,ng/g,ng/g,0.71,39.15,661503,8/19/2016
7953,NLA12_CT-108,1,8/15/2012,EHIGH,NAP,CT,EHIGH,USGS-MRL,,,ng/g,ng/g,1.2,272.11,663003,8/19/2016
7955,NLA12_MD-104,1,8/15/2012,PLNLOW,CPL,MD,CPL,USGS-MRL,,,ng/g,ng/g,2.2,292.31,658443,8/19/2016
7956,NLA12_WA-133,1,8/15/2012,WMTNS,WMT,WA,WMTNS,USGS-MRL,,,ng/g,ng/g,1.1,187.92,653793,8/19/2016
7957,NLA12_CO-130,1,8/15/2012,WMTNS,WMT,CO,WMTNS,USGS-MRL,,,ng/g,ng/g,1.1,116.28,655413,8/19/2016
7958,NLA12_UT-126,1,8/14/2012,WMTNS,WMT,UT,WMTNS,USGS-MRL,,,ng/g,ng/g,0.58,106.12,647163,8/19/2016
7959,NLA12_OK-107,1,8/14/2012,EHIGH,SAP,OK,EHIGH,USGS-MRL,,,ng/g,ng/g,0.45,51.45,642333,8/19/2016
7960,NLA12_NE-121,1,8/15/2012,PLNLOW,SPL,NE,PLAINS,USGS-MRL,,,ng/g,ng/g,0.85,55.41,659283,8/19/2016
7963,NLA12_VA-127,1,8/15/2012,PLNLOW,CPL,VA,CPL,USGS-MRL,,,ng/g,ng/g,0.39,89.04,653433,8/19/2016
7964,NLA12_VA-130,1,8/15/2012,EHIGH,SAP,VA,EHIGH,USGS-MRL,,,ng/g,ng/g,0.55,103.33,653463,8/19/2016
7971,NLA12_MN-114,1,8/15/2012,PLNLOW,UMW,MN,UMW,USGS-MRL,,,ng/g,ng/g,2.8,122.54,646323,8/19/2016
7972,NLA12_DE-103,1,8/15/2012,PLNLOW,CPL,DE,CPL,USGS-MRL,,,ng/g,ng/g,1,126.67,622923,8/19/2016
7973,NLA12_IL-116,1,8/16/2012,PLNLOW,TPL,IL,PLAINS,USGS-MRL,,,ng/g,ng/g,0.6,47.32,658293,8/19/2016
7982,NLA12_PA-113,1,8/15/2012,EHIGH,NAP,PA,EHIGH,USGS-MRL,,,ng/g,ng/g,1.5,130.43,641223,8/19/2016
7984,NLA12_IN-185,1,8/16/2012,PLNLOW,UMW,IN,UMW,USGS-MRL,,,ng/g,ng/g,1,49.42,660603,8/19/2016
7988,NLA12_CA-135,1,8/15/2012,WMTNS,WMT,CA,WMTNS,USGS-MRL,,,ng/g,ng/g,1.4,131.62,658173,8/19/2016
7989,NLA12_CA-123,1,8/15/2012,WMTNS,WMT,CA,WMTNS,USGS-MRL,,,ng/g,ng/g,3.6,190.48,658473,8/19/2016
7994,NLA12_TX-128,1,8/16/2012,PLNLOW,SPL,TX,PLAINS,USGS-MRL,,,ng/g,ng/g,0.55,37.44,657993,8/19/2016
7995,NLA12_OR-144,1,8/15/2012,WMTNS,WMT,OR,WMTNS,USGS-MRL,,,ng/g,ng/g,4.3,151.22,661443,8/19/2016
7996,NLA12_UT-159,1,8/15/2012,WMTNS,WMT,UT,WMTNS,USGS-MRL,,,ng/g,ng/g,3.2,229.05,647193,8/19/2016
7998,NLA12_UT-147,1,8/14/2012,WMTNS,WMT,UT,WMTNS,USGS-MRL,,,ng/g,ng/g,5,277.78,647103,8/19/2016
8000,NLA12_SC-127,1,8/15/2012,PLNLOW,CPL,SC,CPL,USGS-MRL,,,ng/g,ng/g,0.08,28.11,663573,8/19/2016
8008,NLA12_MT-144,1,8/16/2012,PLNLOW,NPL,MT,PLAINS,USGS-MRL,,,ng/g,ng/g,0.12,21.29,624483,8/19/2016
8010,NLA12_SD-143,1,8/16/2012,PLNLOW,NPL,SD,PLAINS,USGS-MRL,,,ng/g,ng/g,0.08,36.86,648843,8/19/2016
8011,NLA12_SC-104,2,8/16/2012,EHIGH,SAP,SC,EHIGH,USGS-MRL,,,ng/g,ng/g,1.1,114.29,663513,8/19/2016
8012,NLA12_IN-103,1,8/15/2012,PLNLOW,TPL,IN,PLAINS,USGS-MRL,,,ng/g,ng/g,2.5,55.56,660543,8/19/2016
8013,NLA12_ME-129,1,8/17/2012,EHIGH,NAP,ME,EHIGH,USGS-MRL,,,ng/g,ng/g,2.5,294.74,645393,8/19/2016
8014,NLA12_IN-163,1,8/17/2012,PLNLOW,TPL,IN,PLAINS,USGS-MRL,,,ng/g,ng/g,0.98,70.59,660963,8/19/2016
8015,NLA12_ME-118,1,8/15/2012,EHIGH,NAP,ME,EHIGH,USGS-MRL,,,ng/g,ng/g,2.3,329.84,644853,8/19/2016
8016,NLA12_AZ-145,1,8/14/2012,WMTNS,WMT,AZ,WMTNS,USGS-MRL,,,ng/g,ng/g,1.2,66.07,627033,8/19/2016
8023,NLA12_OH-101,1,8/16/2012,PLNLOW,TPL,OH,PLAINS,USGS-MRL,,,ng/g,ng/g,0.91,69.65,664023,8/19/2016
8026,NLA12_FL-141,1,8/17/2012,PLNLOW,CPL,FL,CPL,USGS-MRL,,,ng/g,ng/g,1.9,194.69,630513,8/19/2016
8028,NLA12_NE-105,1,8/17/2012,PLNLOW,SPL,NE,PLAINS,USGS-MRL,,,ng/g,ng/g,1.1,70.35,662643,8/19/2016
8029,NLA12_NE-108,1,8/17/2012,PLNLOW,SPL,NE,PLAINS,USGS-MRL,,,ng/g,ng/g,0.51,46.2,659493,8/19/2016
8048,NLA12_NM-161,1,8/16/2012,WMTNS,WMT,NM,WMTNS,USGS-MRL,,,ng/g,ng/g,3.1,123.89,660363,8/19/2016
8053,NLA12_NM-162,1,8/17/2012,WMTNS,WMT,NM,WMTNS,USGS-MRL,,,ng/g,ng/g,2.8,35.26,660333,8/19/2016
8060,NLA12_FL-132,1,8/19/2012,PLNLOW,CPL,FL,CPL,USGS-MRL,,,ng/g,ng/g,0.08,4.84,661653,8/19/2016
8061,NLA12_FL-123,2,8/18/2012,PLNLOW,CPL,FL,CPL,USGS-MRL,,,ng/g,ng/g,0.08,7.02,661383,8/19/2016
8066,NLA12_NE-113,1,8/19/2012,PLNLOW,SPL,NE,PLAINS,USGS-MRL,,,ng/g,ng/g,1.9,77.55,662613,8/19/2016
8067,NLA12_NE-102,1,8/18/2012,PLNLOW,SPL,NE,PLAINS,USGS-MRL,,,ng/g,ng/g,2.1,55.74,662373,8/19/2016
8069,NLA12_MT-102,1,8/20/2012,WMTNS,WMT,MT,WMTNS,USGS-MRL,,,ng/g,ng/g,0.34,55.32,622263,8/19/2016
8070,NLA12_IN-174,1,8/20/2012,PLNLOW,TPL,IN,PLAINS,USGS-MRL,,,ng/g,ng/g,1.7,57.69,660723,8/19/2016
8071,NLA12_SD-109,1,8/20/2012,PLNLOW,TPL,SD,PLAINS,USGS-MRL,,,ng/g,ng/g,0.73,74.18,649113,8/19/2016
8074,NLA12_OR-121,1,8/20/2012,WMTNS,WMT,OR,WMTNS,USGS-MRL,,,ng/g,ng/g,1.3,157.58,661473,8/19/2016
8075,NLA12_OH-107,1,8/20/2012,EHIGH,NAP,OH,EHIGH,USGS-MRL,,,ng/g,ng/g,0.75,145.83,651723,8/19/2016
8076,NLA12_CA-206,1,8/20/2012,WMTNS,WMT,CA,WMTNS,USGS-MRL,,,ng/g,ng/g,0.15,113.11,629223,8/19/2016
8086,NLA12_IN-171,1,8/20/2012,EHIGH,SAP,IN,EHIGH,USGS-MRL,,,ng/g,ng/g,2,55.56,660813,8/19/2016
8087,NLA12_MN-127,1,8/21/2012,PLNLOW,TPL,MN,PLAINS,USGS-MRL,,,ng/g,ng/g,0.34,59.63,646263,8/19/2016
8100,NLA12_IN-186,1,8/16/2012,PLNLOW,UMW,IN,UMW,USGS-MRL,,,ng/g,ng/g,0.31,31.09,660513,8/19/2016
8115,NLA12_DE-104,1,8/20/2012,PLNLOW,CPL,DE,CPL,USGS-MRL,,,ng/g,ng/g,1.2,150.6,623973,8/19/2016
8116,NLA12_IN-180,1,8/21/2012,PLNLOW,TPL,IN,PLAINS,USGS-MRL,,,ng/g,ng/g,0.48,81.82,660933,8/19/2016
8118,NLA12_MO-123,1,8/21/2012,PLNLOW,TPL,MO,PLAINS,USGS-MRL,,,ng/g,ng/g,0.56,63.95,639153,8/19/2016
8121,NLA12_AR-106,1,8/20/2012,EHIGH,SAP,AR,EHIGH,USGS-MRL,,,ng/g,ng/g,0.52,57.06,643533,8/19/2016
8122,NLA12_GA-103,1,8/21/2012,PLNLOW,CPL,GA,CPL,USGS-MRL,,,ng/g,ng/g,0.29,23.75,657963,8/19/2016
8123,NLA12_NC-114,1,8/20/2012,EHIGH,SAP,NC,EHIGH,USGS-MRL,,,ng/g,ng/g,1,92.59,663543,8/19/2016
8124,NLA12_NE-135,1,8/21/2012,PLNLOW,SPL,NE,PLAINS,USGS-MRL,,,ng/g,ng/g,0.45,42.7,662583,8/19/2016
8126,NLA12_SD-170,1,8/21/2012,PLNLOW,TPL,SD,PLAINS,USGS-MRL,,,ng/g,ng/g,0.83,62.8,649353,8/19/2016
8127,NLA12_ND-113,1,8/20/2012,PLNLOW,TPL,ND,PLAINS,USGS-MRL,,,ng/g,ng/g,0.15,49.08,659343,8/19/2016
8128,NLA12_ME-104,1,8/20/2012,EHIGH,NAP,ME,EHIGH,USGS-MRL,,,ng/g,ng/g,4.8,264.37,645123,8/19/2016
8130,NLA12_MT-136,1,8/21/2012,WMTNS,WMT,MT,WMTNS,USGS-MRL,,,ng/g,ng/g,0.38,59.32,649143,8/19/2016
8135,NLA12_MN-136,1,8/21/2012,PLNLOW,UMW,MN,UMW,USGS-MRL,,,ng/g,ng/g,2.6,123.66,646233,8/19/2016
8141,NLA12_MN-158,1,8/22/2012,PLNLOW,TPL,MN,PLAINS,USGS-MRL,,,ng/g,ng/g,3.5,64.68,646203,8/19/2016
8142,NLA12_ME-105,1,8/21/2012,EHIGH,NAP,ME,EHIGH,USGS-MRL,,,ng/g,ng/g,4.7,223.46,645213,8/19/2016
8144,NLA12_AR-102,1,8/21/2012,PLNLOW,CPL,AR,CPL,USGS-MRL,,,ng/g,ng/g,0.46,96.89,643503,8/19/2016
8145,NLA12_AR-111,1,8/22/2012,PLNLOW,CPL,AR,CPL,USGS-MRL,,,ng/g,ng/g,0.43,132.89,643473,8/19/2016
8148,NLA12_CA-141,1,8/22/2012,WMTNS,XER,CA,WMTNS,USGS-MRL,,,ng/g,ng/g,1.2,149.8,658563,8/19/2016
8149,NLA12_CA-208,1,8/21/2012,WMTNS,WMT,CA,WMTNS,USGS-MRL,,,ng/g,ng/g,0.68,27.11,658053,8/19/2016
8150,NLA12_ND-199,1,8/22/2012,PLNLOW,TPL,ND,PLAINS,USGS-MRL,,,ng/g,ng/g,0.17,46.2,632853,8/19/2016
8151,NLA12_OH-104,1,8/22/2012,PLNLOW,TPL,OH,PLAINS,USGS-MRL,,,ng/g,ng/g,0.73,55.1,651753,8/19/2016
8154,NLA12_ME-122,1,8/22/2012,EHIGH,NAP,ME,EHIGH,USGS-MRL,,,ng/g,ng/g,2.2,211.64,644253,8/19/2016
8155,NLA12_MT-120,1,8/22/2012,WMTNS,WMT,MT,WMTNS,USGS-MRL,,,ng/g,ng/g,0.44,53.92,622323,8/19/2016
8159,NLA12_NE-127,1,8/22/2012,PLNLOW,SPL,NE,PLAINS,USGS-MRL,,,ng/g,ng/g,0.36,13.59,662403,8/19/2016
8164,NLA12_OR-160,1,8/21/2012,WMTNS,WMT,OR,WMTNS,USGS-MRL,,,ng/g,ng/g,1.7,101.27,661533,8/19/2016
8165,NLA12_OR-103,1,8/22/2012,WMTNS,WMT,OR,WMTNS,USGS-MRL,,,ng/g,ng/g,1.2,107.78,634293,8/19/2016
8167,NLA12_IN-104,1,8/22/2012,PLNLOW,TPL,IN,PLAINS,USGS-MRL,,,ng/g,ng/g,0.56,80,660693,8/19/2016
8168,NLA12_IN-115,1,8/22/2012,EHIGH,SAP,IN,EHIGH,USGS-MRL,,,ng/g,ng/g,0.32,53.53,660453,8/19/2016
8171,NLA12_NC-134,1,8/22/2012,EHIGH,SAP,NC,EHIGH,USGS-MRL,,,ng/g,ng/g,0.38,65.79,663423,8/19/2016
8176,NLA12_SD-154,1,8/22/2012,PLNLOW,TPL,SD,PLAINS,USGS-MRL,,,ng/g,ng/g,0.61,52.31,649323,8/19/2016
8178,NLA12_GA-127,1,8/22/2012,PLNLOW,CPL,GA,CPL,USGS-MRL,,,ng/g,ng/g,1.2,282.69,662913,8/19/2016
8182,NLA12_WA-125,1,8/23/2012,WMTNS,WMT,WA,WMTNS,USGS-MRL,,,ng/g,ng/g,1.8,93.14,665073,8/19/2016
8184,NLA12_CO-109,1,8/23/2012,WMTNS,WMT,CO,WMTNS,USGS-MRL,,,ng/g,ng/g,4.4,146.27,663903,8/19/2016
8185,NLA12_ME-107,1,8/23/2012,EHIGH,NAP,ME,EHIGH,USGS-MRL,,,ng/g,ng/g,2.3,180.56,645033,8/19/2016
8186,NLA12_NE-160,1,8/23/2012,PLNLOW,SPL,NE,PLAINS,USGS-MRL,,,ng/g,ng/g,0.33,27.71,659403,8/19/2016
8192,NLA12_WI-179,1,8/21/2012,PLNLOW,UMW,WI,UMW,USGS-MRL,,,ng/g,ng/g,3.4,192.55,657543,8/19/2016
8193,NLA12_WI-109,1,8/22/2012,PLNLOW,UMW,WI,UMW,USGS-MRL,,,ng/g,ng/g,1.4,117.44,657483,8/19/2016
8194,NLA12_WI-115,1,8/20/2012,PLNLOW,UMW,WI,UMW,USGS-MRL,,,ng/g,ng/g,1,131.58,657513,8/19/2016
8200,NLA12_MT-164,1,8/23/2012,WMTNS,WMT,MT,WMTNS,USGS-MRL,,,ng/g,ng/g,0.96,34.2,622623,8/19/2016
8201,NLA12_PA-111,1,8/23/2012,EHIGH,SAP,PA,EHIGH,USGS-MRL,,,ng/g,ng/g,0.33,105.07,620823,8/19/2016
8202,NLA12_PA-115,1,8/22/2012,EHIGH,NAP,PA,EHIGH,USGS-MRL,,,ng/g,ng/g,0.18,98.04,661683,8/19/2016
8203,NLA12_TX-218,1,8/22/2012,PLNLOW,SPL,TX,PLAINS,USGS-MRL,,,ng/g,ng/g,0.56,54.05,651783,8/19/2016
8207,NLA12_OH-115,1,8/23/2012,EHIGH,SAP,OH,EHIGH,USGS-MRL,,,ng/g,ng/g,0.46,65.13,663873,8/19/2016
8217,NLA12_AR-103,1,8/24/2012,EHIGH,SAP,AR,EHIGH,USGS-MRL,,,ng/g,ng/g,0.28,55.79,664233,8/19/2016
8218,NLA12_AZ-106,1,8/23/2012,WMTNS,XER,AZ,WMTNS,USGS-MRL,,,ng/g,ng/g,0.08,23.22,660213,8/19/2016
8219,NLA12_AZ-123,1,8/24/2012,WMTNS,XER,AZ,WMTNS,USGS-MRL,,,ng/g,ng/g,0.35,73.62,660183,8/19/2016
8220,NLA12_NE-154,1,8/26/2012,PLNLOW,TPL,NE,PLAINS,USGS-MRL,,,ng/g,ng/g,1.1,47.97,662523,8/19/2016
8221,NLA12_NE-156,1,8/24/2012,PLNLOW,SPL,NE,PLAINS,USGS-MRL,,,ng/g,ng/g,1,56.21,662493,8/19/2016
8238,NLA12_WA-103,1,8/27/2012,WMTNS,WMT,WA,WMTNS,USGS-MRL,,,ng/g,ng/g,0.75,159.09,664893,8/19/2016
8242,NLA12_NE-166,1,8/25/2012,PLNLOW,SPL,NE,PLAINS,USGS-MRL,,,ng/g,ng/g,0.15,27.42,659253,8/19/2016
8243,NLA12_NE-149,1,8/24/2012,PLNLOW,SPL,NE,PLAINS,USGS-MRL,,,ng/g,ng/g,0.08,5.81,659223,8/19/2016
8245,NLA12_SD-157,1,8/27/2012,PLNLOW,NPL,SD,PLAINS,USGS-MRL,,,ng/g,ng/g,0.29,46.73,649383,8/19/2016
8248,NLA12_NE-170,1,8/27/2012,PLNLOW,TPL,NE,PLAINS,USGS-MRL,,,ng/g,ng/g,0.52,32.05,659373,8/19/2016
8249,NLA12_SD-162,1,8/27/2012,PLNLOW,TPL,SD,PLAINS,USGS-MRL,,,ng/g,ng/g,0.54,53.98,632373,8/19/2016
8250,NLA12_MT-151,1,8/27/2012,PLNLOW,NPL,MT,PLAINS,USGS-MRL,,,ng/g,ng/g,0.45,39.68,659853,8/19/2016
8256,NLA12_OH-106,1,8/27/2012,EHIGH,SAP,OH,EHIGH,USGS-MRL,,,ng/g,ng/g,2.2,55.56,665223,8/19/2016
8264,NLA12_CA-102,1,8/28/2012,WMTNS,WMT,CA,WMTNS,USGS-MRL,,,ng/g,ng/g,0.1,14.29,658683,8/19/2016
8265,NLA12_CA-156,1,8/27/2012,WMTNS,XER,CA,WMTNS,USGS-MRL,,,ng/g,ng/g,0.08,11.06,658593,8/19/2016
8266,NLA12_SD-103,1,8/28/2012,PLNLOW,TPL,SD,PLAINS,USGS-MRL,,,ng/g,ng/g,1.1,65.07,648903,8/19/2016
8275,NLA12_SD-150,1,8/28/2012,PLNLOW,NPL,SD,PLAINS,USGS-MRL,,,ng/g,ng/g,2.1,41.06,643143,8/19/2016
8276,NLA12_SD-141,1,8/28/2012,PLNLOW,NPL,SD,PLAINS,USGS-MRL,,,ng/g,ng/g,0.17,43.14,649413,8/19/2016
8278,NLA12_MT-135,1,8/28/2012,PLNLOW,NPL,MT,PLAINS,USGS-MRL,,,ng/g,ng/g,0.93,29.43,622743,8/19/2016
8284,NLA12_MN-171,1,8/28/2012,PLNLOW,TPL,MN,PLAINS,USGS-MRL,,,ng/g,ng/g,0.17,55.56,630843,8/19/2016
8289,NLA12_MO-122,1,8/29/2012,PLNLOW,TPL,MO,PLAINS,USGS-MRL,,,ng/g,ng/g,0.49,59.35,664683,8/19/2016
8290,NLA12_MO-126,1,8/28/2012,PLNLOW,TPL,MO,PLAINS,USGS-MRL,,,ng/g,ng/g,0.94,50.85,664653,8/19/2016
8291,NLA12_WA-146,1,8/28/2012,WMTNS,WMT,WA,WMTNS,USGS-MRL,,,ng/g,ng/g,0.89,43.19,664713,8/19/2016
8293,NLA12_IN-142,1,8/29/2012,PLNLOW,TPL,IN,PLAINS,USGS-MRL,,,ng/g,ng/g,0.81,74.68,664533,8/19/2016
8295,NLA12_MN-144,1,8/28/2012,PLNLOW,UMW,MN,UMW,USGS-MRL,,,ng/g,ng/g,0.55,54.95,646173,8/19/2016
8297,NLA12_CO-107,1,8/29/2012,WMTNS,WMT,CO,WMTNS,USGS-MRL,,,ng/g,ng/g,0.45,80,665403,8/19/2016
8300,NLA12_TX-199,1,8/29/2012,PLNLOW,CPL,TX,CPL,USGS-MRL,,,ng/g,ng/g,2,76.41,652593,8/19/2016
8301,NLA12_NE-157,1,8/29/2012,PLNLOW,TPL,NE,PLAINS,USGS-MRL,,,ng/g,ng/g,0.49,18.55,662553,8/19/2016
8302,NLA12_MT-103,1,8/29/2012,PLNLOW,NPL,MT,PLAINS,USGS-MRL,,,ng/g,ng/g,0.63,32.97,624453,8/19/2016
8303,NLA12_IL-114,1,8/29/2012,PLNLOW,TPL,IL,PLAINS,USGS-MRL,,,ng/g,ng/g,0.2,27.89,658263,8/19/2016
8307,NLA12_IN-117,1,8/29/2012,PLNLOW,TPL,IN,PLAINS,USGS-MRL,,,ng/g,ng/g,0.54,43.33,660903,8/19/2016
8311,NLA12_SD-198,1,8/29/2012,PLNLOW,TPL,SD,PLAINS,USGS-MRL,,,ng/g,ng/g,0.75,53.89,632253,8/19/2016
8314,NLA12_ME-115,1,8/29/2012,EHIGH,NAP,ME,EHIGH,USGS-MRL,,,ng/g,ng/g,2.3,246.48,644913,8/19/2016
8316,NLA12_GA-114,1,8/29/2012,PLNLOW,CPL,GA,CPL,USGS-MRL,,,ng/g,ng/g,2.9,108.61,663033,8/19/2016
8318,NLA12_IN-191,1,8/30/2012,PLNLOW,TPL,IN,PLAINS,USGS-MRL,,,ng/g,ng/g,0.32,73.96,660663,8/19/2016
8319,NLA12_WA-114,1,8/30/2012,WMTNS,WMT,WA,WMTNS,USGS-MRL,,,ng/g,ng/g,0.26,13.74,664863,8/19/2016
8320,NLA12_AZ-143,1,8/30/2012,WMTNS,WMT,AZ,WMTNS,USGS-MRL,,,ng/g,ng/g,2.2,59.63,627183,8/19/2016
8321,NLA12_UT-374,1,8/30/2012,WMTNS,XER,UT,WMTNS,USGS-MRL,,,ng/g,ng/g,1.2,23.43,662133,8/19/2016
8324,NLA12_PA-103,1,8/28/2012,EHIGH,NAP,PA,EHIGH,USGS-MRL,,,ng/g,ng/g,1.1,240.17,660123,8/19/2016
8325,NLA12_CO-105,1,8/30/2012,WMTNS,WMT,CO,WMTNS,USGS-MRL,,,ng/g,ng/g,0.88,66.83,644643,8/19/2016
8326,NLA12_NE-158,1,8/30/2012,PLNLOW,SPL,NE,PLAINS,USGS-MRL,,,ng/g,ng/g,0.34,40.73,662433,8/19/2016
8327,NLA12_IL-103,1,8/30/2012,PLNLOW,TPL,IL,PLAINS,USGS-MRL,,,ng/g,ng/g,1.1,50,658233,8/19/2016
8328,NLA12_MT-119,1,8/30/2012,PLNLOW,NPL,MT,PLAINS,USGS-MRL,,,ng/g,ng/g,0.25,14.43,622143,8/19/2016
8329,NLA12_UT-122,1,8/29/2012,WMTNS,WMT,UT,WMTNS,USGS-MRL,,,ng/g,ng/g,0.77,183.1,648303,8/19/2016
8330,NLA12_TX-118,1,8/30/2012,PLNLOW,CPL,TX,CPL,USGS-MRL,,,ng/g,ng/g,0.74,37.45,632793,8/19/2016
8333,NLA12_CA-181,1,8/29/2012,WMTNS,XER,CA,WMTNS,USGS-MRL,,,ng/g,ng/g,1.2,174.67,658653,8/19/2016
8341,NLA12_IN-126,1,8/31/2012,PLNLOW,TPL,IN,PLAINS,USGS-MRL,,,ng/g,ng/g,0.3,83.09,660783,8/19/2016
8342,NLA12_TX-202,1,8/30/2012,PLNLOW,SPL,TX,PLAINS,USGS-MRL,,,ng/g,ng/g,1.6,51.47,652653,8/19/2016
8358,NLA12_OK-133,1,9/4/2012,PLNLOW,SPL,OK,PLAINS,USGS-MRL,,,ng/g,ng/g,1.8,26.57,642453,8/19/2016
8360,NLA12_UT-324,1,9/4/2012,WMTNS,WMT,UT,WMTNS,USGS-MRL,,,ng/g,ng/g,2.5,183.27,662103,8/19/2016
8363,NLA12_ME-135,1,9/4/2012,EHIGH,NAP,ME,EHIGH,USGS-MRL,,,ng/g,ng/g,0.88,233.81,645333,8/19/2016
8385,NLA12_MT-161,1,9/5/2012,PLNLOW,NPL,MT,PLAINS,USGS-MRL,,,ng/g,ng/g,0.28,38.02,649173,8/19/2016
8390,NLA12_UT-325,1,9/5/2012,WMTNS,WMT,UT,WMTNS,USGS-MRL,,,ng/g,ng/g,0.18,44.53,666303,8/19/2016
8391,NLA12_WA-115,1,9/5/2012,WMTNS,WMT,WA,WMTNS,USGS-MRL,,,ng/g,ng/g,0.61,168.27,664803,8/19/2016
8393,NLA12_OK-286,1,9/5/2012,PLNLOW,SPL,OK,PLAINS,USGS-MRL,,,ng/g,ng/g,0.82,26.37,642483,8/19/2016
8395,NLA12_UT-229,1,9/5/2012,WMTNS,WMT,UT,WMTNS,USGS-MRL,,,ng/g,ng/g,0.81,76.41,662253,8/19/2016
8396,NLA12_MN-181,1,9/5/2012,PLNLOW,UMW,MN,UMW,USGS-MRL,,,ng/g,ng/g,1.2,53.37,665373,8/19/2016
8397,NLA12_MN-180,1,9/5/2012,PLNLOW,UMW,MN,UMW,USGS-MRL,,,ng/g,ng/g,0.64,42.64,662313,8/19/2016
8398,NLA12_CA-212,1,9/5/2012,WMTNS,WMT,CA,WMTNS,USGS-MRL,,,ng/g,ng/g,0.49,52.82,658533,8/19/2016
8404,NLA12_MN-162,1,9/6/2012,PLNLOW,UMW,MN,UMW,USGS-MRL,,,ng/g,ng/g,6.8,178.57,662343,8/19/2016
8405,NLA12_MN-170,1,9/5/2012,PLNLOW,UMW,MN,UMW,USGS-MRL,,,ng/g,ng/g,4,357.47,661923,8/19/2016
8407,NLA12_ME-108,1,9/5/2012,EHIGH,NAP,ME,EHIGH,USGS-MRL,,,ng/g,ng/g,1.3,153.37,645003,8/19/2016
8408,NLA12_IN-162,1,9/6/2012,PLNLOW,TPL,IN,PLAINS,USGS-MRL,,,ng/g,ng/g,1.1,68.35,666453,8/19/2016
8409,NLA12_IN-112,1,9/5/2012,PLNLOW,TPL,IN,PLAINS,USGS-MRL,,,ng/g,ng/g,0.96,46.67,666483,8/19/2016
8410,NLA12_IN-131,1,9/5/2012,PLNLOW,TPL,IN,PLAINS,USGS-MRL,,,ng/g,ng/g,0.25,54.85,666513,8/19/2016
8413,NLA12_TX-137,1,9/6/2012,PLNLOW,CPL,TX,CPL,USGS-MRL,,,ng/g,ng/g,0.69,107.14,658713,8/19/2016
8414,NLA12_CO-127,1,9/6/2012,PLNLOW,SPL,CO,PLAINS,USGS-MRL,,,ng/g,ng/g,0.42,131.15,665673,8/19/2016
8416,NLA12_MO-120,1,9/6/2012,PLNLOW,TPL,MO,PLAINS,USGS-MRL,,,ng/g,ng/g,2.6,47.32,664623,8/19/2016
8422,NLA12_PA-119,1,9/6/2012,EHIGH,SAP,PA,EHIGH,USGS-MRL,,,ng/g,ng/g,0.84,152.38,625893,8/19/2016
8423,NLA12_OH-112,1,9/6/2012,PLNLOW,TPL,OH,PLAINS,USGS-MRL,,,ng/g,ng/g,2.2,57.88,665103,8/19/2016
8424,NLA12_CA-138,1,9/6/2012,WMTNS,WMT,CA,WMTNS,USGS-MRL,,,ng/g,ng/g,4.4,131.43,647643,8/19/2016
8426,NLA12_WI-133,1,9/5/2012,PLNLOW,TPL,WI,PLAINS,USGS-MRL,,,ng/g,ng/g,1,129.71,,8/19/2016
8427,NLA12_WI-132,1,9/6/2012,PLNLOW,UMW,WI,UMW,USGS-MRL,,,ng/g,ng/g,1.6,104.6,,8/19/2016
8428,NLA12_WI-181,1,9/4/2012,PLNLOW,TPL,WI,PLAINS,USGS-MRL,,,ng/g,ng/g,1.9,126.44,,8/19/2016
8429,NLA12_WI-135,1,8/29/2012,PLNLOW,UMW,WI,UMW,USGS-MRL,,,ng/g,ng/g,1.7,150,657663,8/19/2016
8430,NLA12_WI-111,1,9/6/2012,PLNLOW,UMW,WI,UMW,USGS-MRL,,,ng/g,ng/g,2,185.98,,8/19/2016
8435,NLA12_MT-177,1,9/6/2012,PLNLOW,NPL,MT,PLAINS,USGS-MRL,,,ng/g,ng/g,0.46,35.53,649203,8/19/2016
8436,NLA12_MA-101,1,9/7/2012,PLNLOW,CPL,MA,CPL,USGS-MRL,,,ng/g,ng/g,1.4,211.54,666003,8/19/2016
8437,NLA12_MA-105,1,9/6/2012,EHIGH,NAP,MA,EHIGH,USGS-MRL,,,ng/g,ng/g,4.2,292.13,666393,8/19/2016
8438,NLA12_IN-183,1,9/7/2012,PLNLOW,TPL,IN,PLAINS,USGS-MRL,,,ng/g,ng/g,0.88,75.27,666423,8/19/2016
8442,NLA12_WA-124,1,9/7/2012,WMTNS,XER,WA,WMTNS,USGS-MRL,,,ng/g,ng/g,0.36,67.15,664773,8/19/2016
8443,NLA12_MA-111,1,9/9/2012,PLNLOW,CPL,MA,CPL,USGS-MRL,,,ng/g,ng/g,0.19,6.71,665943,8/19/2016
8444,NLA12_WA-120,1,9/6/2012,WMTNS,WMT,WA,WMTNS,USGS-MRL,,,ng/g,ng/g,0.09,41.94,664053,8/19/2016
8447,NLA12_UT-290,1,9/7/2012,WMTNS,XER,UT,WMTNS,USGS-MRL,,,ng/g,ng/g,0.33,15.54,662073,8/19/2016
8457,NLA12_MA-108,1,9/10/2012,EHIGH,NAP,MA,EHIGH,USGS-MRL,,,ng/g,ng/g,5.1,405.59,665913,8/19/2016
8458,NLA12_WY-125,1,9/6/2012,WMTNS,WMT,WY,WMTNS,USGS-MRL,,,ng/g,ng/g,1.1,219.39,665163,8/19/2016
8462,NLA12_OK-102,1,9/4/2012,PLNLOW,SPL,OK,PLAINS,USGS-MRL,,,ng/g,ng/g,0.26,25.6,642213,8/19/2016
8463,NLA12_OK-285,1,9/10/2012,PLNLOW,SPL,OK,PLAINS,USGS-MRL,,,ng/g,ng/g,0.65,120.83,642303,8/19/2016
8466,NLA12_CA-107,1,9/10/2012,WMTNS,WMT,CA,WMTNS,USGS-MRL,,,ng/g,ng/g,0.6,84.16,663243,8/19/2016
8469,NLA12_DE-121,1,9/10/2012,PLNLOW,CPL,DE,CPL,USGS-MRL,,,ng/g,ng/g,2.1,116.44,622953,8/19/2016
8470,NLA12_WV-105,1,9/10/2012,EHIGH,SAP,WV,EHIGH,USGS-MRL,,,ng/g,ng/g,1.8,67.46,623793,8/19/2016
8476,NLA12_MT-105,1,9/11/2012,WMTNS,WMT,MT,WMTNS,USGS-MRL,,,ng/g,ng/g,0.55,65.42,622503,8/19/2016
8477,NLA12_CO-111,1,9/11/2012,PLNLOW,SPL,CO,PLAINS,USGS-MRL,,,ng/g,ng/g,0.13,53.23,665703,8/19/2016
8478,NLA12_OR-126,1,9/10/2012,WMTNS,WMT,OR,WMTNS,USGS-MRL,,,ng/g,ng/g,0.69,96.33,632493,8/19/2016
8479,NLA12_OR-173,1,9/11/2012,WMTNS,WMT,OR,WMTNS,USGS-MRL,,,ng/g,ng/g,2.2,108.11,650583,8/19/2016
8480,NLA12_TX-159,1,9/11/2012,PLNLOW,SPL,TX,PLAINS,USGS-MRL,,,ng/g,ng/g,0.42,58.06,640983,8/19/2016
8481,NLA12_OK-311,1,9/11/2012,EHIGH,SAP,OK,EHIGH,USGS-MRL,,,ng/g,ng/g,2.6,113.4,656373,8/19/2016
8483,NLA12_CA-104,1,9/11/2012,WMTNS,WMT,CA,WMTNS,USGS-MRL,,,ng/g,ng/g,0.88,57.61,663213,8/19/2016
8486,NLA12_MT-111,1,9/12/2012,WMTNS,WMT,MT,WMTNS,USGS-MRL,,,ng/g,ng/g,0.95,84.34,622293,8/19/2016
8487,NLA12_OH-122,1,9/13/2012,PLNLOW,TPL,OH,PLAINS,USGS-MRL,,,ng/g,ng/g,2.2,54.12,666543,8/19/2016
8489,NLA12_ME-137,1,9/12/2012,EHIGH,NAP,ME,EHIGH,USGS-MRL,,,ng/g,ng/g,2.1,275.36,644943,8/19/2016
8493,NLA12_IN-196,1,9/12/2012,PLNLOW,UMW,IN,UMW,USGS-MRL,,,ng/g,ng/g,2.5,147.93,664293,8/19/2016
8494,NLA12_MA-102,1,9/11/2012,EHIGH,NAP,MA,EHIGH,USGS-MRL,,,ng/g,ng/g,1.1,393.16,665313,8/19/2016
8495,NLA12_WA-116,1,9/12/2012,WMTNS,XER,WA,WMTNS,USGS-MRL,,,ng/g,ng/g,0.08,18.31,664833,8/19/2016
8496,NLA12_WA-104,1,9/11/2012,WMTNS,XER,WA,WMTNS,USGS-MRL,,,ng/g,ng/g,0.08,17.37,665013,8/19/2016
8497,NLA12_MA-104,1,9/12/2012,EHIGH,NAP,MA,EHIGH,USGS-MRL,,,ng/g,ng/g,1.3,239.81,665433,8/19/2016
8499,NLA12_IL-111,1,9/12/2012,PLNLOW,TPL,IL,PLAINS,USGS-MRL,,,ng/g,ng/g,1.1,62.7,658203,8/19/2016
8500,NLA12_CT-105,1,9/12/2012,EHIGH,NAP,CT,EHIGH,USGS-MRL,,,ng/g,ng/g,2,174.6,652293,8/19/2016
8502,NLA12_TN-106,1,9/12/2012,PLNLOW,CPL,TN,CPL,USGS-MRL,,,ng/g,ng/g,0.49,116.63,666723,8/19/2016
8504,NLA12_UT-264,1,9/12/2012,WMTNS,WMT,UT,WMTNS,USGS-MRL,,,ng/g,ng/g,2.3,69.44,662193,8/19/2016
8505,NLA12_CO-103,1,9/12/2012,PLNLOW,SPL,CO,PLAINS,USGS-MRL,,,ng/g,ng/g,0.2,29.18,667023,8/19/2016
8508,NLA12_UT-343,1,9/11/2012,WMTNS,WMT,UT,WMTNS,USGS-MRL,,,ng/g,ng/g,0.84,116.5,666243,8/19/2016
8509,NLA12_UT-359,1,9/12/2012,WMTNS,XER,UT,WMTNS,USGS-MRL,,,ng/g,ng/g,0.66,32.42,666213,8/19/2016
8540,NLA12_IN-193,1,9/12/2012,PLNLOW,TPL,IN,PLAINS,USGS-MRL,,,ng/g,ng/g,0.15,62.5,664473,8/19/2016
8545,NLA12_NJ-105,1,9/13/2012,EHIGH,NAP,NJ,EHIGH,USGS-MRL,,,ng/g,ng/g,0.58,142.86,629943,8/19/2016
8549,NLA12_IN-199,1,9/13/2012,PLNLOW,UMW,IN,UMW,USGS-MRL,,,ng/g,ng/g,0.19,35.6,664263,8/19/2016
8552,NLA12_WA-159,1,9/13/2012,WMTNS,XER,WA,WMTNS,USGS-MRL,,,ng/g,ng/g,0.26,40.35,653703,8/19/2016
8553,NLA12_TN-122,1,9/13/2012,PLNLOW,CPL,TN,CPL,USGS-MRL,,,ng/g,ng/g,0.17,64.66,666993,8/19/2016
8554,NLA12_MO-106,1,9/13/2012,EHIGH,SAP,MO,EHIGH,USGS-MRL,,,ng/g,ng/g,0.24,71.7,664593,8/19/2016
8555,NLA12_MA-106,1,9/13/2012,EHIGH,NAP,MA,EHIGH,USGS-MRL,,,ng/g,ng/g,2.2,337.08,665463,8/19/2016
8556,NLA12_IL-105,1,9/13/2012,PLNLOW,TPL,IL,PLAINS,USGS-MRL,,,ng/g,ng/g,17,56.67,658353,8/19/2016
8590,NLA12_MA-109,1,9/14/2012,EHIGH,NAP,MA,EHIGH,USGS-MRL,,,ng/g,ng/g,3.2,477.01,665973,8/19/2016
8591,NLA12_NJ-106,1,9/14/2012,EHIGH,NAP,NJ,EHIGH,USGS-MRL,,,ng/g,ng/g,0.55,94.89,629883,8/19/2016
8592,NLA12_DE-107,1,9/13/2012,PLNLOW,CPL,DE,CPL,USGS-MRL,,,ng/g,ng/g,0.76,101.8,623943,8/19/2016
8595,NLA12_WY-137,1,9/14/2012,WMTNS,XER,WY,WMTNS,USGS-MRL,,,ng/g,ng/g,0.08,21.61,650043,8/19/2016
8596,NLA12_CO-104,1,9/14/2012,PLNLOW,SPL,CO,PLAINS,USGS-MRL,,,ng/g,ng/g,0.08,19.28,665643,8/19/2016
8597,NLA12_NY-0112,1,9/14/2012,EHIGH,NAP,NY,EHIGH,USGS-MRL,,,ng/g,ng/g,0.5,125,628113,8/19/2016
8598,NLA12_ME-113,1,9/13/2012,EHIGH,NAP,ME,EHIGH,USGS-MRL,,,ng/g,ng/g,6.9,293.23,645243,8/19/2016
8599,NLA12_MA-110,1,9/16/2012,EHIGH,NAP,MA,EHIGH,USGS-MRL,,,ng/g,ng/g,2,167.83,666333,8/19/2016
8600,NLA12_TN-119,1,9/16/2012,EHIGH,SAP,TN,EHIGH,USGS-MRL,,,ng/g,ng/g,1.5,103.45,666963,8/19/2016
8602,NLA12_TN-108,2,9/15/2012,EHIGH,SAP,TN,EHIGH,USGS-MRL,,,ng/g,ng/g,0.58,84.88,666783,8/19/2016
8613,NLA12_MA-103,1,9/17/2012,EHIGH,NAP,MA,EHIGH,USGS-MRL,,,ng/g,ng/g,3.1,400,659463,8/19/2016
8614,NLA12_TN-103,1,9/17/2012,EHIGH,SAP,TN,EHIGH,USGS-MRL,,,ng/g,ng/g,0.82,112.21,666843,8/19/2016
8625,NLA12_SD-146,1,9/18/2012,PLNLOW,TPL,SD,PLAINS,USGS-MRL,,,ng/g,ng/g,0.5,64.17,662463,8/19/2016
8626,NLA12_TN-101,2,9/18/2012,EHIGH,SAP,TN,EHIGH,USGS-MRL,,,ng/g,ng/g,0.23,65.71,666903,8/19/2016
8627,NLA12_WA-151,1,9/18/2012,WMTNS,WMT,WA,WMTNS,USGS-MRL,,,ng/g,ng/g,1,139.2,664743,8/19/2016
8629,NLA12_WY-147,1,9/17/2012,WMTNS,XER,WY,WMTNS,USGS-MRL,,,ng/g,ng/g,0.35,46.51,649983,8/19/2016
8633,NLA12_OR-163,1,9/17/2012,WMTNS,WMT,OR,WMTNS,USGS-MRL,,,ng/g,ng/g,1.3,80.92,634263,8/19/2016
8634,NLA12_OR-158,1,9/18/2012,WMTNS,WMT,OR,WMTNS,USGS-MRL,,,ng/g,ng/g,0.93,22.34,650433,8/19/2016
8635,NLA12_OH-105,1,9/18/2012,PLNLOW,TPL,OH,PLAINS,USGS-MRL,,,ng/g,ng/g,0.18,61.62,666603,8/19/2016
8641,NLA12_MT-162,1,9/18/2012,WMTNS,WMT,MT,WMTNS,USGS-MRL,,,ng/g,ng/g,0.99,159.76,622593,8/19/2016
8642,NLA12_OH-113,1,9/19/2012,EHIGH,SAP,OH,EHIGH,USGS-MRL,,,ng/g,ng/g,0.28,132.08,665253,8/19/2016
8645,NLA12_IN-135,1,9/18/2012,PLNLOW,TPL,IN,PLAINS,USGS-MRL,,,ng/g,ng/g,1.1,57.23,664353,8/19/2016
8646,NLA12_TX-232,1,9/18/2012,PLNLOW,CPL,TX,CPL,USGS-MRL,,,ng/g,ng/g,0.86,82.47,665793,8/19/2016
8647,NLA12_NY-0103,1,9/19/2012,EHIGH,NAP,CT,EHIGH,USGS-MRL,,,ng/g,ng/g,4,325.99,667143,8/19/2016
8648,NLA12_AZ-102,1,9/19/2012,WMTNS,WMT,AZ,WMTNS,USGS-MRL,,,ng/g,ng/g,0.49,50.18,620013,8/19/2016
8650,NLA12_IN-155,1,9/19/2012,PLNLOW,TPL,IN,PLAINS,USGS-MRL,,,ng/g,ng/g,0.51,96.05,664413,8/19/2016
8651,NLA12_IN-201,1,9/19/2012,PLNLOW,TPL,IN,PLAINS,USGS-MRL,,,ng/g,ng/g,3.1,57.14,664383,8/19/2016
8655,NLA12_TX-161,1,9/19/2012,PLNLOW,CPL,TX,CPL,USGS-MRL,,,ng/g,ng/g,0.17,33.24,631023,8/19/2016
8665,NLA12_TX-235,1,9/20/2012,PLNLOW,CPL,TX,CPL,USGS-MRL,,,ng/g,ng/g,0.9,105.26,665763,8/19/2016
8676,NLA12_NJ-103,1,9/21/2012,EHIGH,SAP,NJ,EHIGH,USGS-MRL,,,ng/g,ng/g,2.9,859.73,644133,8/19/2016
8728,NLA12_IN-202,1,9/24/2012,PLNLOW,TPL,IN,PLAINS,USGS-MRL,,,ng/g,ng/g,0.4,81.2,664443,8/19/2016
8761,NLA12_NJ-108,1,9/25/2012,PLNLOW,CPL,NJ,CPL,USGS-MRL,,,ng/g,ng/g,4.1,689.66,629853,8/19/2016
8762,NLA12_TX-129,1,9/25/2012,PLNLOW,CPL,TX,CPL,USGS-MRL,,,ng/g,ng/g,0.29,48.15,632823,8/19/2016
8764,NLA12_IL-123,1,9/25/2012,PLNLOW,TPL,IL,PLAINS,USGS-MRL,,,ng/g,ng/g,0.75,47.46,665553,8/19/2016
8765,NLA12_UT-397,1,9/25/2012,WMTNS,WMT,UT,WMTNS,USGS-MRL,,,ng/g,ng/g,0.51,15.81,662223,8/19/2016
8766,NLA12_UT-412,1,9/25/2012,WMTNS,WMT,UT,WMTNS,USGS-MRL,,,ng/g,ng/g,1,117.09,666123,8/19/2016
8776,NLA12_UT-424,1,9/26/2012,WMTNS,WMT,UT,WMTNS,USGS-MRL,,,ng/g,ng/g,2,131.47,666153,8/19/2016
8777,NLA12_UT-392,1,9/26/2012,WMTNS,XER,UT,WMTNS,USGS-MRL,,,ng/g,ng/g,0.22,18.24,662163,8/19/2016
8779,NLA12_CA-223,1,9/26/2012,WMTNS,WMT,CA,WMTNS,USGS-MRL,,,ng/g,ng/g,2.4,196.65,663303,8/19/2016
8782,NLA12_WA-154,1,9/25/2012,WMTNS,WMT,WA,WMTNS,USGS-MRL,,,ng/g,ng/g,1.3,116.5,653853,8/19/2016
8783,NLA12_WA-110,1,9/26/2012,WMTNS,WMT,WA,WMTNS,USGS-MRL,,,ng/g,ng/g,5.5,211.45,653913,8/19/2016
8787,NLA12_UT-409,1,9/27/2012,WMTNS,XER,UT,WMTNS,USGS-MRL,,,ng/g,ng/g,0.43,64.14,662043,8/19/2016
8810,NLA12_TX-234,1,9/27/2012,PLNLOW,SPL,TX,PLAINS,USGS-MRL,,,ng/g,ng/g,0.5,39.13,665823,8/19/2016
8811,NLA12_TX-196,1,9/27/2012,PLNLOW,SPL,TX,PLAINS,USGS-MRL,,,ng/g,ng/g,0.65,23.04,640923,8/19/2016
8812,NLA12_UT-400,1,9/27/2012,WMTNS,XER,UT,WMTNS,USGS-MRL,,,ng/g,ng/g,0.48,14.29,666183,8/19/2016
8813,NLA12_MO-102,1,9/27/2012,EHIGH,SAP,MO,EHIGH,USGS-MRL,,,ng/g,ng/g,0.68,50.16,664143,8/19/2016
1000001,NLA12_MS-116,1,6/5/2012,PLNLOW,CPL,MS,CPL,USGS-MRL,,,ng/g,ng/g,0.39,114.29,634503,8/19/2016
1000011,NLA12_MS-119,1,6/7/2012,PLNLOW,CPL,MS,CPL,USGS-MRL,,,ng/g,ng/g,0.92,74.5,621573,8/19/2016
1000013,NLA12_VT-101,1,6/18/2012,EHIGH,NAP,VT,EHIGH,USGS-MRL,,,ng/g,ng/g,3.4,408.16,639483,8/19/2016
1000014,NLA12_TX-141,1,6/18/2012,PLNLOW,CPL,TX,CPL,USGS-MRL,,,ng/g,ng/g,1.5,125,643083,8/19/2016
1000015,NLA12_TX-169,1,6/19/2012,PLNLOW,CPL,TX,CPL,USGS-MRL,,,ng/g,ng/g,0.66,151.72,642783,8/19/2016
1000016,NLA12_OR-133,1,6/20/2012,WMTNS,WMT,OR,WMTNS,USGS-MRL,,,ng/g,ng/g,0.52,57.14,634113,8/19/2016
1000017,NLA12_OR-131,1,6/21/2012,WMTNS,WMT,OR,WMTNS,USGS-MRL,,,ng/g,ng/g,1.3,85.89,632643,8/19/2016
1000018,NLA12_TX-158,1,6/24/2012,PLNLOW,CPL,TX,CPL,USGS-MRL,,,ng/g,ng/g,0.49,46.56,642693,8/19/2016
1000019,NLA12_ID-107,1,6/25/2012,WMTNS,XER,ID,WMTNS,USGS-MRL,,,ng/g,ng/g,0.35,19.35,640323,8/19/2016
1000020,NLA12_VT-102,1,6/26/2012,EHIGH,NAP,VT,EHIGH,USGS-MRL,,,ng/g,ng/g,1.7,74.77,639513,8/19/2016
1000021,NLA12_OR-101,1,6/26/2012,WMTNS,XER,OR,WMTNS,USGS-MRL,,,ng/g,ng/g,0.12,7.62,634143,8/19/2016
1000022,NLA12_TX-135,1,6/26/2012,PLNLOW,CPL,TX,CPL,USGS-MRL,,,ng/g,ng/g,0.08,49.08,642663,8/19/2016
1000023,NLA12_WI-101,1,6/26/2012,PLNLOW,TPL,WI,PLAINS,USGS-MRL,,,ng/g,ng/g,1.3,66.33,636303,8/19/2016
1000025,NLA12_ID-151,1,6/27/2012,WMTNS,XER,ID,WMTNS,USGS-MRL,,,ng/g,ng/g,0.72,48.1,645903,8/19/2016
1000026,NLA12_TX-110,1,6/28/2012,PLNLOW,SPL,TX,PLAINS,USGS-MRL,,,ng/g,ng/g,0.52,17.86,642543,8/19/2016
1000028,NLA12_WI-102,1,6/27/2012,PLNLOW,TPL,WI,PLAINS,USGS-MRL,,,ng/g,ng/g,0.61,62.5,636543,8/19/2016
1000029,NLA12_ID-109,1,6/27/2012,WMTNS,XER,ID,WMTNS,USGS-MRL,,,ng/g,ng/g,0.53,30.59,640083,8/19/2016
1000030,NLA12_ID-111,1,6/28/2012,WMTNS,XER,ID,WMTNS,USGS-MRL,,,ng/g,ng/g,0.81,28.3,640173,8/19/2016
1000032,NLA12_VT-106,1,7/2/2012,EHIGH,NAP,VT,EHIGH,USGS-MRL,,,ng/g,ng/g,3.2,233.77,639543,8/19/2016
1000034,NLA12_WI-152,1,7/2/2012,PLNLOW,TPL,WI,PLAINS,USGS-MRL,,,ng/g,ng/g,0.31,65.48,636513,8/19/2016
1000039,NLA12_WI-113,1,7/5/2012,PLNLOW,UMW,WI,UMW,USGS-MRL,,,ng/g,ng/g,0.85,51.6,636453,8/19/2016
1000043,NLA12_MI-151,1,7/9/2012,PLNLOW,UMW,MI,UMW,USGS-MRL,,,ng/g,ng/g,0.3,58.82,639753,8/19/2016
1000046,NLA12_MI-139,1,7/10/2012,PLNLOW,UMW,MI,UMW,USGS-MRL,,,ng/g,ng/g,0.7,71.43,639393,8/19/2016
1000047,NLA12_MI-124,1,7/10/2012,PLNLOW,UMW,MI,UMW,USGS-MRL,,,ng/g,ng/g,0.6,238.1,639723,8/19/2016
1000049,NLA12_OR-106,1,7/10/2012,WMTNS,WMT,OR,WMTNS,USGS-MRL,,,ng/g,ng/g,1.9,61.22,634233,8/19/2016
1000052,NLA12_MI-109,1,7/11/2012,PLNLOW,UMW,MI,UMW,USGS-MRL,,,ng/g,ng/g,0.84,96.64,639813,8/19/2016
1000053,NLA12_TX-109,1,7/11/2012,PLNLOW,CPL,TX,CPL,USGS-MRL,,,ng/g,ng/g,0.73,95.47,642183,8/19/2016
1000054,NLA12_VT-109,1,7/12/2012,EHIGH,NAP,VT,EHIGH,USGS-MRL,,,ng/g,ng/g,6.4,230.22,631413,8/19/2016
1000055,NLA12_MI-136,1,7/12/2012,PLNLOW,UMW,MI,UMW,USGS-MRL,,,ng/g,ng/g,3.1,183.91,639423,8/19/2016
1000056,NLA12_MI-105,1,7/11/2012,PLNLOW,UMW,MI,UMW,USGS-MRL,,,ng/g,ng/g,1.6,174.7,639693,8/19/2016
1000058,NLA12_MI-167,1,7/12/2012,PLNLOW,UMW,MI,UMW,USGS-MRL,,,ng/g,ng/g,0.54,114.65,639663,8/19/2016
1000060,NLA12_TX-124,1,7/13/2012,PLNLOW,SPL,TX,PLAINS,USGS-MRL,,,ng/g,ng/g,0.64,31.61,642153,8/19/2016
1000062,NLA12_TX-148,1,7/15/2012,PLNLOW,SPL,TX,PLAINS,USGS-MRL,,,ng/g,ng/g,0.34,28.38,642573,8/19/2016
1000066,NLA12_MI-108,1,7/16/2012,PLNLOW,UMW,MI,UMW,USGS-MRL,,,ng/g,ng/g,1.3,238.58,639783,8/19/2016
1000067,NLA12_ID-149,1,7/15/2012,WMTNS,WMT,ID,WMTNS,USGS-MRL,,,ng/g,ng/g,0.99,34.63,648123,8/19/2016
1000068,NLA12_ID-148,1,7/16/2012,WMTNS,XER,ID,WMTNS,USGS-MRL,,,ng/g,ng/g,0.9,84.64,648063,8/19/2016
1000069,NLA12_ID-103,1,7/14/2012,WMTNS,WMT,ID,WMTNS,USGS-MRL,,,ng/g,,0.6,,640233,8/19/2016
1000070,NLA12_MI-104,1,7/17/2012,PLNLOW,UMW,MI,UMW,USGS-MRL,,,ng/g,ng/g,2.8,170.59,651303,8/19/2016
1000071,NLA12_VT-104,1,7/17/2012,EHIGH,NAP,VT,EHIGH,USGS-MRL,,,ng/g,ng/g,3.1,234.38,659673,8/19/2016
1000072,NLA12_MI-120,1,7/17/2012,PLNLOW,UMW,MI,UMW,USGS-MRL,,,ng/g,ng/g,1.7,64.75,651123,8/19/2016
1000073,NLA12_TX-103,1,7/17/2012,PLNLOW,SPL,TX,PLAINS,USGS-MRL,,,ng/g,ng/g,0.08,17.36,642123,8/19/2016
1000075,NLA12_MI-152,1,7/18/2012,PLNLOW,UMW,MI,UMW,USGS-MRL,,,ng/g,ng/g,3.5,190.48,651153,8/19/2016
1000076,NLA12_MI-128,1,7/18/2012,PLNLOW,UMW,MI,UMW,USGS-MRL,,,ng/g,ng/g,1.3,163.64,639873,8/19/2016
1000079,NLA12_MI-168,1,7/19/2012,PLNLOW,UMW,MI,UMW,USGS-MRL,,,ng/g,ng/g,2.6,76.19,651273,8/19/2016
1000080,NLA12_MI-112,1,7/19/2012,PLNLOW,UMW,MI,UMW,USGS-MRL,,,ng/g,ng/g,0.34,43.31,639993,8/19/2016
1000081,NLA12_MI-115,1,7/19/2012,PLNLOW,UMW,MI,UMW,USGS-MRL,,,ng/g,ng/g,1.7,223.46,651213,8/19/2016
1000082,NLA12_WI-131,1,7/18/2012,PLNLOW,UMW,WI,UMW,USGS-MRL,,,ng/g,ng/g,2.2,154.64,647913,8/19/2016
1000083,NLA12_WI-154,1,7/16/2012,PLNLOW,UMW,WI,UMW,USGS-MRL,,,ng/g,ng/g,2.2,453.33,647883,8/19/2016
1000084,NLA12_NE-109,1,7/20/2012,PLNLOW,SPL,NE,PLAINS,USGS-MRL,,,ng/g,ng/g,0.42,33.52,642603,8/19/2016
1000085,NLA12_NE-103,1,7/19/2012,PLNLOW,SPL,NE,PLAINS,USGS-MRL,,,ng/g,ng/g,0.68,20.91,642093,8/19/2016
1000086,NLA12_NE-114,1,7/22/2012,PLNLOW,SPL,NE,PLAINS,USGS-MRL,,,ng/g,ng/g,0.44,32.06,642633,8/19/2016
1000087,NLA12_WA-106,1,7/24/2012,WMTNS,WMT,WA,WMTNS,USGS-MRL,,,ng/g,ng/g,0.41,109.32,653613,8/19/2016
1000088,NLA12_NE-104,1,7/23/2012,PLNLOW,SPL,NE,PLAINS,USGS-MRL,,,ng/g,ng/g,1,22.9,654933,8/19/2016
1000091,NLA12_MI-117,1,7/24/2012,PLNLOW,UMW,MI,UMW,USGS-MRL,,,ng/g,ng/g,0.59,64.86,653103,8/19/2016
1000092,NLA12_MI-102,1,7/24/2012,PLNLOW,UMW,MI,UMW,USGS-MRL,,,ng/g,ng/g,1.1,90.61,653163,8/19/2016
1000093,NLA12_NE-133,1,7/24/2012,PLNLOW,SPL,NE,PLAINS,USGS-MRL,,,ng/g,ng/g,0.39,51.28,654963,8/19/2016
1000094,NLA12_MI-110,1,7/25/2012,PLNLOW,UMW,MI,UMW,USGS-MRL,,,ng/g,ng/g,0.85,69.44,653073,8/19/2016
1000096,NLA12_MI-129,1,7/25/2012,PLNLOW,UMW,MI,UMW,USGS-MRL,,,ng/g,ng/g,0.53,92.83,652983,8/19/2016
1000097,NLA12_VT-114,1,7/26/2012,EHIGH,NAP,VT,EHIGH,USGS-MRL,,,ng/g,ng/g,3.1,229.79,651033,8/19/2016
1000098,NLA12_MI-123,1,7/26/2012,PLNLOW,UMW,MI,UMW,USGS-MRL,,,ng/g,ng/g,0.65,77.54,653043,8/19/2016
1000099,NLA12_MI-161,1,7/26/2012,PLNLOW,UMW,MI,UMW,USGS-MRL,,,ng/g,ng/g,1.6,283.4,653013,8/19/2016
1000100,NLA12_WI-166,1,7/26/2012,PLNLOW,UMW,WI,UMW,USGS-MRL,,,ng/g,ng/g,0.85,81.4,656913,8/19/2016
1000101,NLA12_MI-165,1,7/27/2012,PLNLOW,UMW,MI,UMW,USGS-MRL,,,ng/g,ng/g,1.3,182.69,652773,8/19/2016
1000103,NLA12_MI-162,1,7/30/2012,PLNLOW,UMW,MI,UMW,USGS-MRL,,,ng/g,ng/g,1.8,237.7,653193,8/19/2016
1000105,NLA12_MI-132,1,7/31/2012,PLNLOW,UMW,MI,UMW,USGS-MRL,,,ng/g,ng/g,0.61,190,653313,8/19/2016
1000106,NLA12_MI-118,1,7/31/2012,PLNLOW,UMW,MI,UMW,USGS-MRL,,,ng/g,ng/g,3.2,352.11,653133,8/19/2016
1000107,NLA12_WA-107,1,7/31/2012,WMTNS,WMT,WA,WMTNS,USGS-MRL,,,ng/g,ng/g,0.57,78.43,631143,8/19/2016
1000109,NLA12_WI-108,1,7/30/2012,PLNLOW,UMW,WI,UMW,USGS-MRL,,,ng/g,ng/g,4.4,105.5,657213,8/19/2016
1000111,NLA12_MI-169,1,8/1/2012,PLNLOW,UMW,MI,UMW,USGS-MRL,,,ng/g,ng/g,2.3,261.9,653283,8/19/2016
1000113,NLA12_WA-129,1,8/1/2012,WMTNS,WMT,WA,WMTNS,USGS-MRL,,,ng/g,ng/g,0.17,15.31,653673,8/19/2016
1000115,NLA12_WI-155,1,8/1/2012,PLNLOW,UMW,WI,UMW,USGS-MRL,,,ng/g,ng/g,2.9,77.71,657033,8/19/2016
1000116,NLA12_WI-103,1,8/1/2012,PLNLOW,UMW,WI,UMW,USGS-MRL,,,ng/g,ng/g,1.2,72.89,657003,8/19/2016
1000117,NLA12_MI-137,1,8/2/2012,PLNLOW,UMW,MI,UMW,USGS-MRL,,,ng/g,ng/g,1.4,220.1,653253,8/19/2016
1000118,NLA12_WI-151,1,7/31/2012,PLNLOW,UMW,WI,UMW,USGS-MRL,,,ng/g,ng/g,2.2,254.46,657093,8/19/2016
1000119,NLA12_WI-127,1,8/2/2012,PLNLOW,UMW,WI,UMW,USGS-MRL,,,ng/g,ng/g,0.12,17.64,657183,8/19/2016
1000120,NLA12_MI-164,1,8/3/2012,PLNLOW,UMW,MI,UMW,USGS-MRL,,,ng/g,ng/g,3.6,163.84,653223,8/19/2016
1000121,NLA12_WI-104,1,7/17/2012,PLNLOW,UMW,WI,UMW,USGS-MRL,,,ng/g,ng/g,3,195.95,636063,8/19/2016
1000122,NLA12_ID-143,1,8/6/2012,WMTNS,XER,ID,WMTNS,USGS-MRL,,,ng/g,ng/g,0.61,44.22,651903,8/19/2016
1000123,NLA12_MI-116,1,8/7/2012,PLNLOW,UMW,MI,UMW,USGS-MRL,,,ng/g,ng/g,0.7,494.7,640023,8/19/2016
1000126,NLA12_ID-216,1,8/7/2012,WMTNS,XER,ID,WMTNS,USGS-MRL,,,ng/g,ng/g,0.24,44.74,651933,8/19/2016
1000127,NLA12_WI-129,1,8/7/2012,PLNLOW,TPL,WI,PLAINS,USGS-MRL,,,ng/g,ng/g,0.45,45.8,,8/19/2016
1000130,NLA12_NH-115,1,8/7/2012,EHIGH,NAP,NH,EHIGH,USGS-MRL,,,ng/g,ng/g,0.83,128.92,648993,8/19/2016
1000132,NLA12_MI-141,1,8/8/2012,PLNLOW,UMW,MI,UMW,USGS-MRL,,,ng/g,ng/g,1.7,359.48,651243,8/19/2016
1000134,NLA12_WA-131,1,8/8/2012,WMTNS,XER,WA,WMTNS,USGS-MRL,,,ng/g,ng/g,1.1,60.98,653643,8/19/2016
1000135,NLA12_WI-107,1,8/8/2012,PLNLOW,TPL,WI,PLAINS,USGS-MRL,,,ng/g,ng/g,1.8,40.55,,8/19/2016
1000136,NLA12_WA-111,1,8/9/2012,WMTNS,XER,WA,WMTNS,USGS-MRL,,,ng/g,ng/g,0.12,23.56,653823,8/19/2016
1000137,NLA12_ID-214,1,8/8/2012,WMTNS,XER,ID,WMTNS,USGS-MRL,,,ng/g,ng/g,0.29,39.22,652203,8/19/2016
1000138,NLA12_WI-120,1,8/9/2012,PLNLOW,TPL,WI,PLAINS,USGS-MRL,,,ng/g,ng/g,0.3,80.85,,8/19/2016
1000141,NLA12_VT-115,1,8/13/2012,EHIGH,NAP,VT,EHIGH,USGS-MRL,,,ng/g,ng/g,7,267.28,639573,8/19/2016
1000144,NLA12_WI-128,1,7/25/2012,PLNLOW,UMW,WI,UMW,USGS-MRL,,,ng/g,ng/g,12,126.51,636573,8/19/2016
1000146,NLA12_MI-138,1,8/14/2012,PLNLOW,UMW,MI,UMW,USGS-MRL,,,ng/g,ng/g,1.9,118.28,639633,8/19/2016
1000147,NLA12_WI-110,1,8/13/2012,PLNLOW,UMW,WI,UMW,USGS-MRL,,,ng/g,ng/g,0.34,39.32,,8/19/2016
1000148,NLA12_MI-122,1,8/14/2012,PLNLOW,UMW,MI,UMW,USGS-MRL,,,ng/g,ng/g,0.34,65.04,621303,8/19/2016
1000152,NLA12_MI-133,1,8/15/2012,PLNLOW,UMW,MI,UMW,USGS-MRL,,,ng/g,ng/g,0.14,8.04,655983,8/19/2016
1000156,NLA12_MI-106,1,8/16/2012,PLNLOW,UMW,MI,UMW,USGS-MRL,,,ng/g,ng/g,0.17,44.94,655443,8/19/2016
1000157,NLA12_MI-126,1,8/16/2012,PLNLOW,UMW,MI,UMW,USGS-MRL,,,ng/g,ng/g,1,192.05,624633,8/19/2016
1000158,NLA12_ID-221,1,8/16/2012,WMTNS,WMT,ID,WMTNS,USGS-MRL,,,ng/g,ng/g,3.5,69.77,662763,8/19/2016
1000159,NLA12_ID-218,1,8/15/2012,WMTNS,WMT,ID,WMTNS,USGS-MRL,,,ng/g,ng/g,0.78,80.51,662853,8/19/2016
1000160,NLA12_ID-180,1,8/14/2012,WMTNS,WMT,ID,WMTNS,USGS-MRL,,,ng/g,ng/g,1.5,194.81,662823,8/19/2016
1000161,NLA12_MI-130,1,8/17/2012,PLNLOW,UMW,MI,UMW,USGS-MRL,,,ng/g,ng/g,2.9,196.26,655473,8/19/2016
1000162,NLA12_MI-103,1,8/17/2012,PLNLOW,UMW,MI,UMW,USGS-MRL,,,ng/g,ng/g,0.51,202.02,624603,8/19/2016
1000163,NLA12_MI-142,1,8/21/2012,PLNLOW,UMW,MI,UMW,USGS-MRL,,,ng/g,ng/g,0.1,116.56,663783,8/19/2016
1000167,NLA12_VT-110,1,8/22/2012,EHIGH,NAP,VT,EHIGH,USGS-MRL,,,ng/g,ng/g,2.2,265.9,659703,8/19/2016
1000168,NLA12_MI-113,1,8/22/2012,PLNLOW,UMW,MI,UMW,USGS-MRL,,,ng/g,ng/g,1.1,202.25,663693,8/19/2016
1000169,NLA12_ID-220,1,8/22/2012,WMTNS,WMT,ID,WMTNS,USGS-MRL,,,ng/g,ng/g,0.62,113.77,662703,8/19/2016
1000170,NLA12_ID-205,1,8/21/2012,WMTNS,WMT,ID,WMTNS,USGS-MRL,,,ng/g,ng/g,2.6,187.92,662733,8/19/2016
1000172,NLA12_MI-145,1,8/23/2012,PLNLOW,UMW,MI,UMW,USGS-MRL,,,ng/g,ng/g,4.1,213.41,663723,8/19/2016
1000173,NLA12_MI-172,1,8/23/2012,PLNLOW,UMW,MI,UMW,USGS-MRL,,,ng/g,ng/g,2.3,208.59,639903,8/19/2016
1000180,NLA12_WI-138,1,8/27/2012,PLNLOW,UMW,WI,UMW,USGS-MRL,,,ng/g,ng/g,3.1,251.61,657603,8/19/2016
1000186,NLA12_MI-177,1,8/28/2012,PLNLOW,UMW,MI,UMW,USGS-MRL,,,ng/g,ng/g,0.34,48.51,658923,8/19/2016
1000188,NLA12_WI-106,1,8/28/2012,PLNLOW,UMW,WI,UMW,USGS-MRL,,,ng/g,ng/g,2.2,261.31,657633,8/19/2016
1000189,NLA12_WI-171,1,8/29/2012,PLNLOW,UMW,WI,UMW,USGS-MRL,,,ng/g,ng/g,2,158.47,656943,8/19/2016
1000191,NLA12_MI-178,1,8/29/2012,PLNLOW,UMW,MI,UMW,USGS-MRL,,,ng/g,ng/g,1.1,45.25,663753,8/19/2016
1000193,NLA12_WI-147,1,8/30/2012,PLNLOW,UMW,WI,UMW,USGS-MRL,,,ng/g,ng/g,3.7,210.88,657123,8/19/2016
1000194,NLA12_WA-147,1,8/7/2012,WMTNS,WMT,WA,WMTNS,USGS-MRL,,,ng/g,ng/g,3.2,56.29,,8/19/2016
1000202,NLA12_WI-176,1,9/10/2012,PLNLOW,UMW,WI,UMW,USGS-MRL,,,ng/g,ng/g,1,126.1,,8/19/2016
1000203,NLA12_WI-170,1,9/11/2012,PLNLOW,UMW,WI,UMW,USGS-MRL,,,ng/g,ng/g,2.3,179.69,,8/19/2016
1000207,NLA12_WI-173,1,9/18/2012,PLNLOW,UMW,WI,UMW,USGS-MRL,,,ng/g,ng/g,0.3,45.45,,8/19/2016
1000208,NLA12_WI-188,1,9/17/2012,PLNLOW,TPL,WI,PLAINS,USGS-MRL,,,ng/g,ng/g,0.79,44.84,,8/19/2016
1000211,NLA12_OR-167,1,9/19/2012,WMTNS,WMT,OR,WMTNS,USGS-MRL,,,ng/g,ng/g,0.83,79.1,650553,8/19/2016
1000217,NLA12_WI-142,1,9/25/2012,PLNLOW,UMW,WI,UMW,USGS-MRL,,,ng/g,ng/g,1.7,317.97,,8/19/2016
1000218,NLA12_WI-153,1,9/27/2012,PLNLOW,UMW,WI,UMW,USGS-MRL,,,ng/g,ng/g,2.6,133.62,,8/19/2016
1000219,NLA12_WI-183,1,9/26/2012,PLNLOW,UMW,WI,UMW,USGS-MRL,,,ng/g,ng/g,2.9,289.16,,8/19/2016
1000220,NLA12_WI-174,1,9/24/2012,PLNLOW,UMW,WI,UMW,USGS-MRL,,,ng/g,ng/g,1.6,266.13,,8/19/2016
1000223,NLA12_WI-157,1,9/19/2012,PLNLOW,UMW,WI,UMW,USGS-MRL,,,ng/g,ng/g,0.61,58.67,,8/19/2016
