PUBLICATION_DATE,TAXA_ID,ASSEMBLAGE_NAME,CLASS,FAMILY,FFG,GENUS,HABIT,NON_TARGET,ORDER,PHYLUM,PTV,SUBFAMILY,TARGET_TAXON,TRIBE
10/27/2015,1,INVERTEBRATES,GASTROPODA,ANCYLIDAE,SC,,CB,,BASOMMATOPHORA,MOLLUSCA,5.8,,ANCYLIDAE,
10/27/2015,2,INVERTEBRATES,ARACHNIDA,,PR,,,,,ARTHROPODA,8,,ARACHNIDA,
10/27/2015,3,INVERTEBRATES,INSECTA,COENAGRIONIDAE,PR,ARGIA,CB,,ODONATA,ARTHROPODA,7.1,,ARGIA,
10/27/2015,4,INVERTEBRATES,INSECTA,CERATOPOGONIDAE,"PR,CG",BEZZIA/PALPOMYIA,"SP,BU,PK",,DIPTERA,ARTHROPODA,6,CERATOPOGONINAE,BEZZIA/PALPOMYIA,
10/27/2015,5,INVERTEBRATES,INSECTA,CAENIDAE,CG,CAENIS,SP,,EPHEMEROPTERA,ARTHROPODA,6,,CAENIS,
10/27/2015,6,INVERTEBRATES,INSECTA,LEPTOCERIDAE,CG,CERACLEA,CN,,TRICHOPTERA,ARTHROPODA,3.6,LEPTOCERINAE,CERACLEA,ATHRIPSODINI
10/27/2015,7,INVERTEBRATES,INSECTA,CHIRONOMIDAE,CG,,,,DIPTERA,ARTHROPODA,6,CHIRONOMINAE,CHIRONOMINI,CHIRONOMINI
10/27/2015,8,INVERTEBRATES,INSECTA,CHIRONOMIDAE,"CF,CG",CLADOTANYTARSUS,CB,,DIPTERA,ARTHROPODA,6,CHIRONOMINAE,CLADOTANYTARSUS,TANYTARSINI
10/27/2015,9,INVERTEBRATES,BIVALVIA,CORBICULIDAE,CF,CORBICULA,BU,,VENEROIDA,MOLLUSCA,5.5,,CORBICULA,
10/27/2015,10,INVERTEBRATES,INSECTA,CHIRONOMIDAE,"SH, CG",CRICOTOPUS,,,DIPTERA,ARTHROPODA,7,ORTHOCLADIINAE,CRICOTOPUS,ORTHOCLADIINI/METRIOCNEMINI
10/27/2015,11,INVERTEBRATES,INSECTA,CHIRONOMIDAE,PR,CRYPTOCHIRONOMUS,SP,,DIPTERA,ARTHROPODA,7,CHIRONOMINAE,CRYPTOCHIRONOMUS,CHIRONOMINI
10/27/2015,12,INVERTEBRATES,INSECTA,CERATOPOGONIDAE,CG,DASYHELEA,SP,,DIPTERA,ARTHROPODA,5.7,DASYHELEINAE,DASYHELEA,
10/27/2015,13,INVERTEBRATES,INSECTA,CHIRONOMIDAE,CG,DICROTENDIPES,BU,,DIPTERA,ARTHROPODA,6.7,CHIRONOMINAE,DICROTENDIPES,CHIRONOMINI
10/27/2015,14,INVERTEBRATES,INSECTA,CHIRONOMIDAE,SH,ENDOCHIRONOMUS,CN,,DIPTERA,ARTHROPODA,8,CHIRONOMINAE,ENDOCHIRONOMUS,CHIRONOMINI
10/27/2015,15,INVERTEBRATES,CLITELLATA,ERPOBDELLIDAE,PR,ERPOBDELLA,SP,,ARHYNCHOBDELLIDA,ANNELIDA,8,ERPOBDELLINAE,ERPOBDELLA,
10/27/2015,16,INVERTEBRATES,INSECTA,CHIRONOMIDAE,"CF,SH",GLYPTOTENDIPES,BU,,DIPTERA,ARTHROPODA,9.5,CHIRONOMINAE,GLYPTOTENDIPES,CHIRONOMINI
10/27/2015,17,INVERTEBRATES,CLITELLATA,GLOSSIPHONIIDAE,PR,HELOBDELLA,SP,,RHYNCHOBDELLIDA,ANNELIDA,8.4,HAEMENTERIINAE,HELOBDELLA,
10/27/2015,18,INVERTEBRATES,MALACOSTRACA,HYALELLIDAE,"CG,SH",HYALELLA,SP,,AMPHIPODA,ARTHROPODA,7.5,,HYALELLA,
10/27/2015,19,INVERTEBRATES,INSECTA,HYDROPTILIDAE,"PI,PR,SC",HYDROPTILA,CN,,TRICHOPTERA,ARTHROPODA,2.6,HYDROPTILINAE,HYDROPTILA,HYDROPTILINI
10/27/2015,20,INVERTEBRATES,INSECTA,HYDROPTILIDAE,PI,,CB,,TRICHOPTERA,ARTHROPODA,3.8,,HYDROPTILIDAE,
10/27/2015,21,INVERTEBRATES,ARACHNIDA,LEBERTIIDAE,PR,LEBERTIA,CB,,TROMBIDIFORMES,ARTHROPODA,8,,LEBERTIA,
10/27/2015,22,INVERTEBRATES,CLITELLATA,TUBIFICIDAE,CG,LIMNODRILUS,CN,,HAPLOTAXIDA,ANNELIDA,9,,LIMNODRILUS,
10/27/2015,23,INVERTEBRATES,INSECTA,TIPULIDAE,SH,LIMONIA,BU,,DIPTERA,ARTHROPODA,4,LIMONIINAE,LIMONIA,
10/27/2015,24,INVERTEBRATES,GASTROPODA,PLANORBIDAE,,MICROMENETUS,,,BASOMMATOPHORA,MOLLUSCA,,,MICROMENETUS,
10/27/2015,25,INVERTEBRATES,CLITELLATA,NAIDIDAE,CG,NAIS,BU,,HAPLOTAXIDA,ANNELIDA,8.6,,NAIS,
10/27/2015,27,INVERTEBRATES,INSECTA,CHIRONOMIDAE,"SH, CG",ORTHOCLADIUS,,,DIPTERA,ARTHROPODA,7,ORTHOCLADIINAE,ORTHOCLADIUS,
10/27/2015,28,INVERTEBRATES,INSECTA,HYDROPTILIDAE,"PI,PR,SC",ORTHOTRICHIA,CN,,TRICHOPTERA,ARTHROPODA,4,HYDROPTILINAE,ORTHOTRICHIA,ORTHOTRICHIINI
10/27/2015,29,INVERTEBRATES,INSECTA,CHIRONOMIDAE,CG,PARATANYTARSUS,CN,,DIPTERA,ARTHROPODA,7,CHIRONOMINAE,PARATANYTARSUS,TANYTARSINI
10/27/2015,30,INVERTEBRATES,INSECTA,CHIRONOMIDAE,"CG,SC",PHAENOPSECTRA,CN,,DIPTERA,ARTHROPODA,7,CHIRONOMINAE,PHAENOPSECTRA,CHIRONOMINI
10/27/2015,32,INVERTEBRATES,GASTROPODA,PLEUROCERIDAE,SC,PLEUROCERA,CB,,NEOTAENIOGLOSSA,MOLLUSCA,5,,PLEUROCERA,
10/27/2015,33,INVERTEBRATES,GASTROPODA,PLEUROCERIDAE,SC,,CB,,NEOTAENIOGLOSSA,MOLLUSCA,5,,PLEUROCERIDAE,
10/27/2015,34,INVERTEBRATES,INSECTA,CHIRONOMIDAE,SH,POLYPEDILUM,"CB,CN",,DIPTERA,ARTHROPODA,5.5,CHIRONOMINAE,POLYPEDILUM,CHIRONOMINI
10/27/2015,35,INVERTEBRATES,ENOPLA,TETRASTEMMATIDAE,PR,PROSTOMA,CN,,HOPLONEMERTEA,NEMERTEA,6.3,,PROSTOMA,
10/27/2015,36,INVERTEBRATES,INSECTA,CHIRONOMIDAE,CG,PSEUDOCHIRONOMUS,BU,,DIPTERA,ARTHROPODA,4,CHIRONOMINAE,PSEUDOCHIRONOMUS,PSEUDOCHIRONOMINI
10/27/2015,37,INVERTEBRATES,INSECTA,CHIRONOMIDAE,CF,TANYTARSUS,CN,,DIPTERA,ARTHROPODA,2.2,CHIRONOMINAE,TANYTARSUS,TANYTARSINI
10/27/2015,39,INVERTEBRATES,TURBELLARIA,,PR,,SP,,,PLATYHELMINTHES,4.7,,TURBELLARIA,
10/27/2015,40,INVERTEBRATES,INSECTA,CHIRONOMIDAE,PR,ABLABESMYIA,SP,,DIPTERA,ARTHROPODA,5.6,TANYPODINAE,ABLABESMYIA,PENTANEURINI
10/27/2015,41,INVERTEBRATES,INSECTA,NAUCORIDAE,PR,AMBRYSUS,CB,,HEMIPTERA,ARTHROPODA,5,AMBRYSINAE,AMBRYSUS,
10/27/2015,42,INVERTEBRATES,MALACOSTRACA,ASELLIDAE,CG,CAECIDOTEA,SP,,ISOPODA,ARTHROPODA,8,,CAECIDOTEA,
10/27/2015,43,INVERTEBRATES,INSECTA,COENAGRIONIDAE,PR,,CB,,ODONATA,ARTHROPODA,7.9,,COENAGRIONIDAE,
10/27/2015,44,INVERTEBRATES,CLITELLATA,NAIDIDAE,CG,DERO,BU,,HAPLOTAXIDA,ANNELIDA,8,,DERO,
10/27/2015,45,INVERTEBRATES,INSECTA,PSEPHENIDAE,SC,ECTOPRIA,CN,,COLEOPTERA,ARTHROPODA,3.9,EUBRIINAE,ECTOPRIA,
10/27/2015,46,INVERTEBRATES,INSECTA,GOMPHIDAE,PR,,BU,,ODONATA,ARTHROPODA,,,GOMPHIDAE,
10/27/2015,47,INVERTEBRATES,INSECTA,HEPTAGENIIDAE,SC,,CN,,EPHEMEROPTERA,ARTHROPODA,4.1,,HEPTAGENIIDAE,
10/27/2015,48,INVERTEBRATES,MALACOSTRACA,MYSIDAE,,,,,MYSIDA,ARTHROPODA,,,MYSIDAE,
10/27/2015,49,INVERTEBRATES,INSECTA,LEPTOCERIDAE,CG,MYSTACIDES,SP,,TRICHOPTERA,ARTHROPODA,3.4,LEPTOCERINAE,MYSTACIDES,MYSTACIDINI
10/27/2015,50,INVERTEBRATES,INSECTA,CHIRONOMIDAE,CG,NANOCLADIUS,SP,,DIPTERA,ARTHROPODA,4.1,ORTHOCLADIINAE,NANOCLADIUS,
10/27/2015,51,INVERTEBRATES,INSECTA,CHIRONOMIDAE,PR,PARACHIRONOMUS,SP,,DIPTERA,ARTHROPODA,5.9,CHIRONOMINAE,PARACHIRONOMUS,CHIRONOMINI
10/27/2015,52,INVERTEBRATES,INSECTA,CHIRONOMIDAE,PR,,,,DIPTERA,ARTHROPODA,6,TANYPODINAE,PENTANEURINI,PENTANEURINI
10/27/2015,53,INVERTEBRATES,INSECTA,NEPIDAE,PR,RANATRA,CN,,HEMIPTERA,ARTHROPODA,7,RANATRINAE,RANATRA,
10/27/2015,54,INVERTEBRATES,INSECTA,CHIRONOMIDAE,"CG,SH",STENOCHIRONOMUS,BU,,DIPTERA,ARTHROPODA,4.6,CHIRONOMINAE,STENOCHIRONOMUS,CHIRONOMINI
10/27/2015,55,INVERTEBRATES,INSECTA,CHIRONOMIDAE,CG,THIENEMANNIELLA,SP,,DIPTERA,ARTHROPODA,4.4,ORTHOCLADIINAE,THIENEMANNIELLA,
10/27/2015,56,INVERTEBRATES,ARACHNIDA,ATURIDAE,PR,ALBIA,,,TROMBIDIFORMES,ARTHROPODA,,,ALBIA,
10/27/2015,57,INVERTEBRATES,ARACHNIDA,ARRENURIDAE,PR,ARRENURUS,CB,,TROMBIDIFORMES,ARTHROPODA,8,,ARRENURUS,
10/27/2015,58,INVERTEBRATES,INSECTA,BAETIDAE,CG,CALLIBAETIS,BU,,EPHEMEROPTERA,ARTHROPODA,4,,CALLIBAETIS,
10/27/2015,59,INVERTEBRATES,INSECTA,CHIRONOMIDAE,PR,CLINOTANYPUS,BU,,DIPTERA,ARTHROPODA,6.3,TANYPODINAE,CLINOTANYPUS,COELOTANYPODINI
10/27/2015,60,INVERTEBRATES,INSECTA,CHIRONOMIDAE,CG,CRYPTOTENDIPES,BU,,DIPTERA,ARTHROPODA,8,CHIRONOMINAE,CRYPTOTENDIPES,CHIRONOMINI
10/27/2015,61,INVERTEBRATES,INSECTA,ELMIDAE,"CG,SC",DUBIRAPHIA,CN,,COLEOPTERA,ARTHROPODA,4.8,,DUBIRAPHIA,
10/27/2015,62,INVERTEBRATES,INSECTA,COENAGRIONIDAE,PR,ENALLAGMA,CB,,ODONATA,ARTHROPODA,7.5,,ENALLAGMA,
10/27/2015,63,INVERTEBRATES,ARACHNIDA,PIONIDAE,PR,FORELIA,SW,,TROMBIDIFORMES,ARTHROPODA,8,,FORELIA,
10/27/2015,64,INVERTEBRATES,GASTROPODA,PLANORBIDAE,SC,GYRAULUS,CB,,BASOMMATOPHORA,MOLLUSCA,7,,GYRAULUS,
10/27/2015,65,INVERTEBRATES,CLITELLATA,,,,,,HIRUDINIDA,ANNELIDA,,,HIRUDINIDA,
10/27/2015,82,INVERTEBRATES,INSECTA,LEPTOCERIDAE,PR,OECETIS,"CN,SP",,TRICHOPTERA,ARTHROPODA,5.6,LEPTOCERINAE,OECETIS,OECETINI
10/27/2015,88,INVERTEBRATES,GASTROPODA,PHYSIDAE,SC,PHYSA,CB,,BASOMMATOPHORA,MOLLUSCA,8,PHYSINAE,PHYSA,
10/27/2015,91,INVERTEBRATES,CLITELLATA,NAIDIDAE,CG,PRISTINA,BU,,HAPLOTAXIDA,ANNELIDA,9.9,,PRISTINA,
10/27/2015,92,INVERTEBRATES,INSECTA,CHIRONOMIDAE,PR,PROCLADIUS,SP,,DIPTERA,ARTHROPODA,9,TANYPODINAE,PROCLADIUS,PROCLADIINI
10/27/2015,93,INVERTEBRATES,CLITELLATA,NAIDIDAE,CG,SLAVINA,,,HAPLOTAXIDA,ANNELIDA,6.7,,SLAVINA,
10/27/2015,94,INVERTEBRATES,INSECTA,CHIRONOMIDAE,CF,,,,DIPTERA,ARTHROPODA,6,CHIRONOMINAE,TANYTARSINI,TANYTARSINI
10/27/2015,95,INVERTEBRATES,INSECTA,CHIRONOMIDAE,CG,ZAVRELIELLA,BU,,DIPTERA,ARTHROPODA,4.7,CHIRONOMINAE,ZAVRELIELLA,TANYTARSINI
10/27/2015,96,INVERTEBRATES,INSECTA,CERATOPOGONIDAE,"CG,PR",ATRICHOPOGON,CN,,DIPTERA,ARTHROPODA,6,FORCIPOMYIINAE,ATRICHOPOGON,
10/27/2015,97,INVERTEBRATES,INSECTA,CERATOPOGONIDAE,PR,,SP,,DIPTERA,ARTHROPODA,6,,CERATOPOGONIDAE,
10/27/2015,98,INVERTEBRATES,INSECTA,CORDULIIDAE,PR,,CB,,ODONATA,ARTHROPODA,3.9,,CORDULIIDAE,
10/27/2015,99,INVERTEBRATES,GASTROPODA,HYDROBIIDAE,SC,,CB,,NEOTAENIOGLOSSA,MOLLUSCA,5.3,NYMPHOPHILINAE,HYDROBIIDAE,
10/27/2015,100,INVERTEBRATES,INSECTA,CHIRONOMIDAE,PR,LABRUNDINIA,SP,,DIPTERA,ARTHROPODA,5.3,TANYPODINAE,LABRUNDINIA,PENTANEURINI
10/27/2015,101,INVERTEBRATES,INSECTA,ELMIDAE,"CG,SC",MACRONYCHUS,CN,,COLEOPTERA,ARTHROPODA,4.5,,MACRONYCHUS,
10/27/2015,102,INVERTEBRATES,ARACHNIDA,UNIONICOLIDAE,PR,NEUMANIA,SW,,TROMBIDIFORMES,ARTHROPODA,8,,NEUMANIA,
10/27/2015,103,INVERTEBRATES,INSECTA,CHIRONOMIDAE,CG,PARACLADOPELMA,SP,,DIPTERA,ARTHROPODA,4.2,CHIRONOMINAE,PARACLADOPELMA,CHIRONOMINI
10/27/2015,104,INVERTEBRATES,GASTROPODA,PLANORBIDAE,SC,,CB,,BASOMMATOPHORA,MOLLUSCA,6.9,,PLANORBIDAE,
10/27/2015,105,INVERTEBRATES,INSECTA,SCIRTIDAE,SC,,CB,,COLEOPTERA,ARTHROPODA,4.5,,SCIRTIDAE,
10/27/2015,106,INVERTEBRATES,BIVALVIA,SPHAERIIDAE,,,,,VENEROIDA,MOLLUSCA,,,SPHAERIIDAE,
10/27/2015,107,INVERTEBRATES,CLITELLATA,NAIDIDAE,CG,STYLARIA,SW,,HAPLOTAXIDA,ANNELIDA,7,,STYLARIA,
10/27/2015,108,INVERTEBRATES,MALACOSTRACA,MYSIDAE,,TAPHROMYSIS,,,MYSIDA,ARTHROPODA,,,TAPHROMYSIS,
10/27/2015,109,INVERTEBRATES,CLITELLATA,NAIDIDAE,CG,BRATISLAVIA,CN,,HAPLOTAXIDA,ANNELIDA,,,BRATISLAVIA,
10/27/2015,110,INVERTEBRATES,INSECTA,CORDULIIDAE,"CF,CG,PR",EPITHECA,CB,,ODONATA,ARTHROPODA,4,CODULIINAE,EPITHECA,
10/27/2015,111,INVERTEBRATES,INSECTA,NOTERIDAE,PR,HYDROCANTHUS,CB,,COLEOPTERA,ARTHROPODA,7,NOTERINAE,HYDROCANTHUS,
10/27/2015,112,INVERTEBRATES,INSECTA,COENAGRIONIDAE,PR,ISCHNURA,CB,,ODONATA,ARTHROPODA,9,,ISCHNURA,
10/27/2015,113,INVERTEBRATES,INSECTA,,SH,,,,LEPIDOPTERA,ARTHROPODA,6.7,,LEPIDOPTERA,
10/27/2015,114,INVERTEBRATES,INSECTA,LEPTOCERIDAE,CG,,CB,,TRICHOPTERA,ARTHROPODA,3.4,,LEPTOCERIDAE,
10/27/2015,115,INVERTEBRATES,INSECTA,DYTISCIDAE,PR,LIODESSUS,SW,,COLEOPTERA,ARTHROPODA,,HYDROPORINAE,LIODESSUS,
10/27/2015,116,INVERTEBRATES,CLITELLATA,LUMBRICULIDAE,CG,,BU,,LUMBRICULIDA,ANNELIDA,8.3,,LUMBRICULIDAE,
10/27/2015,117,INVERTEBRATES,GASTROPODA,LYMNAEIDAE,SC,,CB,,BASOMMATOPHORA,MOLLUSCA,6.1,,LYMNAEIDAE,
10/27/2015,118,INVERTEBRATES,INSECTA,PLEIDAE,PR,NEOPLEA,SW,,HEMIPTERA,ARTHROPODA,,,NEOPLEA,
10/27/2015,119,INVERTEBRATES,INSECTA,HALIPLIDAE,"PI,SH",PELTODYTES,"CB,CN",,COLEOPTERA,ARTHROPODA,5,,PELTODYTES,
10/27/2015,120,INVERTEBRATES,INSECTA,LIBELLULIDAE,PR,PERITHEMIS,SP,,ODONATA,ARTHROPODA,9.6,,PERITHEMIS,
10/27/2015,121,INVERTEBRATES,ARACHNIDA,PIONIDAE,PR,,CB,,TROMBIDIFORMES,ARTHROPODA,8,,PIONIDAE,
10/27/2015,122,INVERTEBRATES,CLITELLATA,NAIDIDAE,,ALLONAIS,,,HAPLOTAXIDA,ANNELIDA,,,ALLONAIS,
10/27/2015,123,INVERTEBRATES,HYDROZOA,HYDRIDAE,,HYDRA,,,ANTHOATHECATAE,CNIDARIA,,,HYDRA,
10/27/2015,124,INVERTEBRATES,INSECTA,HYDROPHILIDAE,PR,,SW,,COLEOPTERA,ARTHROPODA,5.1,,HYDROPHILIDAE,
10/27/2015,125,INVERTEBRATES,INSECTA,LIBELLULIDAE/CORDULIIDAE,,,,,ODONATA,ARTHROPODA,,,LIBELLULIDAE/CORDULIIDAE,
10/27/2015,126,INVERTEBRATES,INSECTA,CHIRONOMIDAE,CG,PARAKIEFFERIELLA,SP,,DIPTERA,ARTHROPODA,2,ORTHOCLADIINAE,PARAKIEFFERIELLA,
10/27/2015,127,INVERTEBRATES,INSECTA,NOTERIDAE,PR,SUPHISELLUS,CB,,COLEOPTERA,ARTHROPODA,,NOTERINAE,SUPHISELLUS,
10/27/2015,128,INVERTEBRATES,INSECTA,BELOSTOMATIDAE,PR,,CB,,HEMIPTERA,ARTHROPODA,5,,BELOSTOMATIDAE,
10/27/2015,129,INVERTEBRATES,INSECTA,CERATOPOGONIDAE,"PR,CG",,"SP,BU,PK",,DIPTERA,ARTHROPODA,6,CERATOPOGONINAE,CERATOPOGONINAE,
10/27/2015,130,INVERTEBRATES,INSECTA,TABANIDAE,,CHLOROTABANUS,,,DIPTERA,ARTHROPODA,,,CHLOROTABANUS,
10/27/2015,131,INVERTEBRATES,INSECTA,TABANIDAE,PR,CHRYSOPS,SP,,DIPTERA,ARTHROPODA,8,CHRYSOPSINAE,CHRYSOPS,CHRYSOPSINI
10/27/2015,132,INVERTEBRATES,INSECTA,HYDROPHILIDAE,CG,HELOCHARES,,,COLEOPTERA,ARTHROPODA,4,HYDROPHILINAE,HELOCHARES,HYDROPHILINI
10/27/2015,133,INVERTEBRATES,INSECTA,HYDROCHIDAE,SH,HYDROCHUS,"CB,SW",,COLEOPTERA,ARTHROPODA,6,,HYDROCHUS,
10/27/2015,134,INVERTEBRATES,INSECTA,DYTISCIDAE,PR,,,,COLEOPTERA,ARTHROPODA,,HYDROPORINAE,HYDROPORINAE,
10/27/2015,135,INVERTEBRATES,ARACHNIDA,UNIONICOLIDAE,PR,KOENIKEA,CB,,TROMBIDIFORMES,ARTHROPODA,8,,KOENIKEA,
10/27/2015,136,INVERTEBRATES,INSECTA,LIBELLULIDAE,PR,LIBELLULA,SP,,ODONATA,ARTHROPODA,8.5,,LIBELLULA,
10/27/2015,137,INVERTEBRATES,INSECTA,LIBELLULIDAE,PR,,SP,,ODONATA,ARTHROPODA,8.2,,LIBELLULIDAE,
10/27/2015,138,INVERTEBRATES,ARACHNIDA,OXIDAE,PR,OXUS,CB,,TROMBIDIFORMES,ARTHROPODA,8,,OXUS,
10/27/2015,139,INVERTEBRATES,INSECTA,CHIRONOMIDAE,CG,PARATENDIPES,BU,,DIPTERA,ARTHROPODA,5.4,CHIRONOMINAE,PARATENDIPES,CHIRONOMINI
10/27/2015,140,INVERTEBRATES,INSECTA,HYDROPHILIDAE,"CG,PR",TROPISTERNUS,CB,,COLEOPTERA,ARTHROPODA,6.5,HYDROPHILINAE,TROPISTERNUS,HYDROPHILINI
10/27/2015,141,INVERTEBRATES,INSECTA,ELMIDAE,"CG,SC",ANCYRONYX,CN,,COLEOPTERA,ARTHROPODA,4.2,,ANCYRONYX,
10/27/2015,142,INVERTEBRATES,INSECTA,HYDROPHILIDAE,"CG,PI",BEROSUS,SW,,COLEOPTERA,ARTHROPODA,5,HYDROPHILINAE,BEROSUS,BEROSINI
10/27/2015,143,INVERTEBRATES,INSECTA,DYTISCIDAE,PR,CELINA,SW,,COLEOPTERA,ARTHROPODA,,HYDROPORINAE,CELINA,
10/27/2015,144,INVERTEBRATES,INSECTA,POLYCENTROPODIDAE,,CERNOTINA,,,TRICHOPTERA,ARTHROPODA,,,CERNOTINA,
10/27/2015,145,INVERTEBRATES,INSECTA,CHIRONOMIDAE,CG,CHIRONOMUS,BU,,DIPTERA,ARTHROPODA,9.5,CHIRONOMINAE,CHIRONOMUS,CHIRONOMINI
10/27/2015,146,INVERTEBRATES,INSECTA,CHIRONOMIDAE,CG,CLADOPELMA,BU,,DIPTERA,ARTHROPODA,5,CHIRONOMINAE,CLADOPELMA,CHIRONOMINI
10/27/2015,147,INVERTEBRATES,INSECTA,CRAMBIDAE,SH,,BU,,LEPIDOPTERA,ARTHROPODA,,,CRAMBIDAE,
10/27/2015,148,INVERTEBRATES,MALACOSTRACA,CRANGONYCTIDAE,CG,CRANGONYX,SP,,AMPHIPODA,ARTHROPODA,7,,CRANGONYX,
10/27/2015,149,INVERTEBRATES,INSECTA,LIBELLULIDAE,PR,ERYTHEMIS,"CB,SP",,ODONATA,ARTHROPODA,9.4,,ERYTHEMIS,
10/27/2015,150,INVERTEBRATES,ARACHNIDA,OXIDAE,PR,FRONTIPODA,,,TROMBIDIFORMES,ARTHROPODA,,,FRONTIPODA,
10/27/2015,151,INVERTEBRATES,INSECTA,HALIPLIDAE,"PI,SH",HALIPLUS,CB,,COLEOPTERA,ARTHROPODA,6.5,,HALIPLUS,
10/27/2015,152,INVERTEBRATES,ARACHNIDA,HYDRODROMIDAE,PR,HYDRODROMA,SW,,TROMBIDIFORMES,ARTHROPODA,8,,HYDRODROMA,
10/27/2015,153,INVERTEBRATES,INSECTA,CHIRONOMIDAE,CG,KIEFFERULUS,,,DIPTERA,ARTHROPODA,10,CHIRONOMINAE,KIEFFERULUS,CHIRONOMINI
10/27/2015,154,INVERTEBRATES,GASTROPODA,ANCYLIDAE,SC,LAEVAPEX,CB,,BASOMMATOPHORA,MOLLUSCA,6,,LAEVAPEX,
10/27/2015,155,INVERTEBRATES,INSECTA,CHIRONOMIDAE,PR,LARSIA,SP,,DIPTERA,ARTHROPODA,4.5,TANYPODINAE,LARSIA,PENTANEURINI
10/27/2015,156,INVERTEBRATES,INSECTA,CHIRONOMIDAE,CG,LAUTERBORNIELLA,CN,,DIPTERA,ARTHROPODA,4.8,CHIRONOMINAE,LAUTERBORNIELLA,CHIRONOMINI
10/27/2015,157,INVERTEBRATES,ARACHNIDA,LIMNESIIDAE,PR,LIMNESIA,SW,,TROMBIDIFORMES,ARTHROPODA,8,,LIMNESIA,
10/27/2015,158,INVERTEBRATES,INSECTA,CORDULIIDAE,PR,MACROMIA,SP,,ODONATA,ARTHROPODA,3.5,MACROMIINAE,MACROMIA,
10/27/2015,159,INVERTEBRATES,INSECTA,CHIRONOMIDAE,CF,MICROTENDIPES,CN,,DIPTERA,ARTHROPODA,6,CHIRONOMINAE,MICROTENDIPES,CHIRONOMINI
10/27/2015,160,INVERTEBRATES,INSECTA,CHIRONOMIDAE,,NILOTHAUMA,,,DIPTERA,ARTHROPODA,2,CHIRONOMINAE,NILOTHAUMA,CHIRONOMINI
10/27/2015,161,INVERTEBRATES,INSECTA,HYDROPTILIDAE,CG,OXYETHIRA,"CB,CN",,TRICHOPTERA,ARTHROPODA,6,HYDROPTILINAE,OXYETHIRA,HYDROPTILINI
10/27/2015,162,INVERTEBRATES,MALACOSTRACA,PALAEMONIDAE,CG,PALAEMONETES,SP,,DECAPODA,ARTHROPODA,5.1,PALAEMONINAE,PALAEMONETES,
10/27/2015,163,INVERTEBRATES,INSECTA,CRAMBIDAE,SH,PARAPOYNX,CB,,LEPIDOPTERA,ARTHROPODA,5,NYMPHULINAE,PARAPOYNX,NYMPHULINI
10/27/2015,164,INVERTEBRATES,BIVALVIA,PISIDIIDAE,CF,PISIDIUM,BU,,VENEROIDA,MOLLUSCA,8,PISIDIINAE,PISIDIUM,
10/27/2015,165,INVERTEBRATES,INSECTA,POLYCENTROPODIDAE,CF,,CN,,TRICHOPTERA,ARTHROPODA,5.2,,POLYCENTROPODIDAE,
10/27/2015,166,INVERTEBRATES,INSECTA,CHIRONOMIDAE,PR,TANYPUS,SP,,DIPTERA,ARTHROPODA,6,TANYPODINAE,TANYPUS,TANYPODINI
10/27/2015,168,INVERTEBRATES,ARACHNIDA,UNIONICOLIDAE,PR,UNIONICOLA,"CB,SW",,TROMBIDIFORMES,ARTHROPODA,8,,UNIONICOLA,
10/27/2015,169,INVERTEBRATES,INSECTA,CHIRONOMIDAE,PR,XENOCHIRONOMUS,BU,,DIPTERA,ARTHROPODA,4.4,CHIRONOMINAE,XENOCHIRONOMUS,CHIRONOMINI
10/27/2015,170,INVERTEBRATES,CLITELLATA,TUBIFICIDAE,CG,AULODRILUS,SP,,HAPLOTAXIDA,ANNELIDA,6.5,,AULODRILUS,
10/27/2015,171,INVERTEBRATES,INSECTA,BAETIDAE,CG,,SW,,EPHEMEROPTERA,ARTHROPODA,4.2,,BAETIDAE,
10/27/2015,172,INVERTEBRATES,ARACHNIDA,MIDEOPSIDAE,PR,MIDEOPSIS,,,TROMBIDIFORMES,ARTHROPODA,8,,MIDEOPSIS,
10/27/2015,173,INVERTEBRATES,INSECTA,CERATOPOGONIDAE,"PR,CG",PROBEZZIA,"SP,BU,PK",,DIPTERA,ARTHROPODA,6,CERATOPOGONINAE,PROBEZZIA,
10/27/2015,174,INVERTEBRATES,INSECTA,AESHNIDAE,PR,BASIAESCHNA,CN,,ODONATA,ARTHROPODA,5.4,,BASIAESCHNA,
10/27/2015,175,INVERTEBRATES,INSECTA,,PR,,CB,,ODONATA,ARTHROPODA,5,,ODONATA,
10/27/2015,176,INVERTEBRATES,INSECTA,TABANIDAE,PR,,SP,,DIPTERA,ARTHROPODA,7.3,,TABANIDAE,
10/27/2015,177,INVERTEBRATES,INSECTA,LEPTOCERIDAE,SH,TRIAENODES,SW,,TRICHOPTERA,ARTHROPODA,4.8,LEPTOCERINAE,TRIAENODES,TRIAENODINI
10/27/2015,178,INVERTEBRATES,INSECTA,AESHNIDAE,PR,,"CB,CN",,ODONATA,ARTHROPODA,3.5,,AESHNIDAE,
10/27/2015,179,INVERTEBRATES,INSECTA,TIPULIDAE,CG,GONOMYIA,BU,,DIPTERA,ARTHROPODA,3,,GONOMYIA,
10/27/2015,180,INVERTEBRATES,INSECTA,MACROMIIDAE,,,,,ODONATA,ARTHROPODA,,,MACROMIIDAE,
10/27/2015,181,INVERTEBRATES,INSECTA,DYTISCIDAE,PR,NEOPORUS,,,COLEOPTERA,ARTHROPODA,,HYDROPORINAE,NEOPORUS,HYDROPORINI
10/27/2015,182,INVERTEBRATES,INSECTA,TIPULIDAE,"SH,CG",,BU,,DIPTERA,ARTHROPODA,3.8,,TIPULIDAE,
10/27/2015,183,INVERTEBRATES,CLITELLATA,TUBIFICIDAE,CG,BRANCHIURA,CB,,HAPLOTAXIDA,ANNELIDA,8.1,,BRANCHIURA,
10/27/2015,184,INVERTEBRATES,INSECTA,CHAOBORIDAE,PR,CHAOBORUS,SP,,DIPTERA,ARTHROPODA,8,CHAOBORINAE,CHAOBORUS,
10/27/2015,185,INVERTEBRATES,INSECTA,CHIRONOMIDAE,PR,COELOTANYPUS,BU,,DIPTERA,ARTHROPODA,6.9,TANYPODINAE,COELOTANYPUS,COELOTANYPODINI
10/27/2015,186,INVERTEBRATES,INSECTA,CHIRONOMIDAE,CG,EINFELDIA,BU,,DIPTERA,ARTHROPODA,7,CHIRONOMINAE,EINFELDIA,CHIRONOMINI
10/27/2015,187,INVERTEBRATES,INSECTA,CHIRONOMIDAE,PR,GUTTIPELOPIA,SP,,DIPTERA,ARTHROPODA,5,TANYPODINAE,GUTTIPELOPIA,PENTANEURINI
10/27/2015,188,INVERTEBRATES,BIVALVIA,PISIDIIDAE,CF,MUSCULIUM,BU,,VENEROIDA,MOLLUSCA,,,MUSCULIUM,
10/27/2015,189,INVERTEBRATES,INSECTA,NOTERIDAE,"PR,CG",,"SW,BU,CB",,COLEOPTERA,ARTHROPODA,,,NOTERIDAE,
10/27/2015,190,INVERTEBRATES,INSECTA,SIALIDAE,PR,SIALIS,BU,,MEGALOPTERA,ARTHROPODA,4,,SIALIS,
10/27/2015,191,INVERTEBRATES,INSECTA,CERATOPOGONIDAE,"PR,CG",SPHAEROMIAS,"SP,BU,PK",,DIPTERA,ARTHROPODA,6,CERATOPOGONINAE,SPHAEROMIAS,
10/27/2015,192,INVERTEBRATES,CLITELLATA,NAIDIDAE,CG,HAEMONAIS,,,HAPLOTAXIDA,ANNELIDA,8,,HAEMONAIS,
10/27/2015,193,INVERTEBRATES,BIVALVIA,UNIONIDAE,CF,,BU,,UNIONOIDA,MOLLUSCA,7.2,,UNIONIDAE,
10/27/2015,194,INVERTEBRATES,BIVALVIA,,,,,,UNIONOIDA,MOLLUSCA,,,UNIONOIDA,
10/27/2015,195,INVERTEBRATES,BIVALVIA,,,,,,VENEROIDA,MOLLUSCA,,,VENEROIDA,
10/27/2015,196,INVERTEBRATES,MALACOSTRACA,,CG,,SP,,AMPHIPODA,ARTHROPODA,4.7,,AMPHIPODA,
10/27/2015,197,INVERTEBRATES,INSECTA,CAENIDAE,"CG,SH",BRACHYCERCUS,SP,,EPHEMEROPTERA,ARTHROPODA,7,,BRACHYCERCUS,
10/27/2015,198,INVERTEBRATES,MALACOSTRACA,CAMBARIDAE,CG,,SP,,DECAPODA,ARTHROPODA,6,,CAMBARIDAE,
10/27/2015,199,INVERTEBRATES,CLITELLATA,NAIDIDAE,,CHAETOGASTER,,,HAPLOTAXIDA,ANNELIDA,,,CHAETOGASTER,
10/27/2015,200,INVERTEBRATES,GASTROPODA,,SC,,CB,,,MOLLUSCA,7,,GASTROPODA,
10/27/2015,201,INVERTEBRATES,INSECTA,EPHEMERIDAE,CG,HEXAGENIA,BU,,EPHEMEROPTERA,ARTHROPODA,4.3,,HEXAGENIA,
10/27/2015,202,INVERTEBRATES,ARACHNIDA,HYGROBATIDAE,PR,HYGROBATES,CB,,TROMBIDIFORMES,ARTHROPODA,8,,HYGROBATES,
10/27/2015,203,INVERTEBRATES,INSECTA,LEPTOPHLEBIIDAE,CG,,CN,,EPHEMEROPTERA,ARTHROPODA,2.1,,LEPTOPHLEBIIDAE,
10/27/2015,204,INVERTEBRATES,MALACOSTRACA,ASELLIDAE,CG,LIRCEUS,SP,,ISOPODA,ARTHROPODA,8,,LIRCEUS,
10/27/2015,205,INVERTEBRATES,INSECTA,LEPTOCERIDAE,SH,NECTOPSYCHE,"CB,SP",,TRICHOPTERA,ARTHROPODA,3.3,LEPTOCERINAE,NECTOPSYCHE,NECTOPSYCHINI
10/27/2015,206,INVERTEBRATES,ARACHNIDA,PIONIDAE,PR,PIONA,,,TROMBIDIFORMES,ARTHROPODA,8,,PIONA,
10/27/2015,207,INVERTEBRATES,INSECTA,ELMIDAE,SC,STENELMIS,CN,,COLEOPTERA,ARTHROPODA,4.8,,STENELMIS,
10/27/2015,208,INVERTEBRATES,INSECTA,HEPTAGENIIDAE,SC,STENONEMA,CN,,EPHEMEROPTERA,ARTHROPODA,3.4,,STENONEMA,
10/27/2015,209,INVERTEBRATES,INSECTA,CHIRONOMIDAE,CG,PAGASTIELLA,SP,,DIPTERA,ARTHROPODA,2,CHIRONOMINAE,PAGASTIELLA,CHIRONOMINI
10/27/2015,210,INVERTEBRATES,ARACHNIDA,KRENDOWSKIIDAE,,KRENDOWSKIA,,,TROMBIDIFORMES,ARTHROPODA,,,KRENDOWSKIA,
10/27/2015,211,INVERTEBRATES,ARACHNIDA,HYDRYPHANTIDAE,PR,,"CB,SW",,TROMBIDIFORMES,ARTHROPODA,8,,HYDRYPHANTIDAE,
10/27/2015,212,INVERTEBRATES,ARACHNIDA,,PR,,,,SARCOPTIFORMES,ARTHROPODA,8,,SARCOPTIFORMES,
10/27/2015,214,INVERTEBRATES,INSECTA,EMPIDIDAE,PR,HEMERODROMIA,SP,,DIPTERA,ARTHROPODA,6,HEMERODROMIINAE,HEMERODROMIA,HEMERODROMIINI
10/27/2015,215,INVERTEBRATES,GASTROPODA,THIARIDAE,SC,MELANOIDES,,,NEOTAENIOGLOSSA,MOLLUSCA,,,MELANOIDES,
10/27/2015,216,INVERTEBRATES,GASTROPODA,PLANORBIDAE,SC,PLANORBELLA,CB,,BASOMMATOPHORA,MOLLUSCA,7.8,,PLANORBELLA,
10/27/2015,217,INVERTEBRATES,INSECTA,CHIRONOMIDAE,,APEDILUM,"SP,BU",,DIPTERA,ARTHROPODA,,CHIRONOMINAE,APEDILUM,CHIRONOMINI
10/27/2015,219,INVERTEBRATES,INSECTA,EPHYDRIDAE,CG,,BU,,DIPTERA,ARTHROPODA,5.9,,EPHYDRIDAE,
10/27/2015,220,INVERTEBRATES,CLITELLATA,GLOSSIPHONIIDAE,PA,THEROMYZON,,,RHYNCHOBDELLIDA,ANNELIDA,,,THEROMYZON,
10/27/2015,221,INVERTEBRATES,CLITELLATA,BRANCHIOBDELLIDAE,,,,,BRANCHIOBDELLIDA,ANNELIDA,,,BRANCHIOBDELLIDAE,
10/27/2015,222,INVERTEBRATES,MALACOSTRACA,GAMMARIDAE,"CG,SH",GAMMARUS,SP,,AMPHIPODA,ARTHROPODA,5.7,,GAMMARUS,
10/27/2015,223,INVERTEBRATES,MALACOSTRACA,CAMBARIDAE,"CG,SH",ORCONECTES,SP,,DECAPODA,ARTHROPODA,6.9,CAMBARINAE,ORCONECTES,
10/27/2015,224,INVERTEBRATES,CLITELLATA,ENCHYTRAEIDAE,CG,,BU,,HAPLOTAXIDA,ANNELIDA,9,,ENCHYTRAEIDAE,
10/27/2015,225,INVERTEBRATES,INSECTA,STRATIOMYIDAE,,HEDRIODISCUS/ODONTOMYIA,,,DIPTERA,ARTHROPODA,,,HEDRIODISCUS/ODONTOMYIA,
10/27/2015,226,INVERTEBRATES,INSECTA,HYDROSCAPHIDAE,SC,HYDROSCAPHA,CN,,COLEOPTERA,ARTHROPODA,,,HYDROSCAPHA,
10/27/2015,227,INVERTEBRATES,GASTROPODA,ANCYLIDAE,SC,FERRISSIA,CB,,BASOMMATOPHORA,MOLLUSCA,5.5,,FERRISSIA,
10/27/2015,228,INVERTEBRATES,INSECTA,CHIRONOMIDAE,CG,HARNISCHIA,"BU,CB",,DIPTERA,ARTHROPODA,8,CHIRONOMINAE,HARNISCHIA,CHIRONOMINI
10/27/2015,229,INVERTEBRATES,INSECTA,DYTISCIDAE,PR,HYGROTUS,SW,,COLEOPTERA,ARTHROPODA,4,HYDROPORINAE,HYGROTUS,HYGROTINI
10/27/2015,230,INVERTEBRATES,INSECTA,CHIRONOMIDAE,CG,MICROCHIRONOMUS,BU,,DIPTERA,ARTHROPODA,,CHIRONOMINAE,MICROCHIRONOMUS,CHIRONOMINI
10/27/2015,233,INVERTEBRATES,GASTROPODA,PLANORBIDAE,SC,BIOMPHALARIA,CB,,BASOMMATOPHORA,MOLLUSCA,,,BIOMPHALARIA,
10/27/2015,234,INVERTEBRATES,INSECTA,HYDROPHILIDAE,CG,ENOCHRUS,BU,,COLEOPTERA,ARTHROPODA,6.5,HYDROPHILINAE,ENOCHRUS,HYDROPHILINI
10/27/2015,235,INVERTEBRATES,INSECTA,CHIRONOMIDAE,CG,GOELDICHIRONOMUS,BU,,DIPTERA,ARTHROPODA,0,CHIRONOMINAE,GOELDICHIRONOMUS,CHIRONOMINI
10/27/2015,236,INVERTEBRATES,INSECTA,CHIRONOMIDAE,CG,ENDOTRIBELOS,"BU,CN",,DIPTERA,ARTHROPODA,,CHIRONOMINAE,ENDOTRIBELOS,CHIRONOMINI
10/27/2015,237,INVERTEBRATES,GASTROPODA,LYMNAEIDAE,CG,RADIX,CB,,BASOMMATOPHORA,MOLLUSCA,6.6,LYMNAEINAE,RADIX,
10/27/2015,238,INVERTEBRATES,INSECTA,LIBELLULIDAE,PR,SYMPETRUM,SP,,ODONATA,ARTHROPODA,8.2,,SYMPETRUM,
10/27/2015,239,INVERTEBRATES,INSECTA,COENAGRIONIDAE,,COENAGRION/ENALLAGMA,,,ODONATA,ARTHROPODA,,,COENAGRION/ENALLAGMA,
10/27/2015,240,INVERTEBRATES,INSECTA,DYTISCIDAE,PR,,"CB,SW",,COLEOPTERA,ARTHROPODA,5.1,,DYTISCIDAE,
10/27/2015,241,INVERTEBRATES,GASTROPODA,PLANORBIDAE,SC,HELISOMA,CB,,BASOMMATOPHORA,MOLLUSCA,5.7,,HELISOMA,
10/27/2015,242,INVERTEBRATES,INSECTA,CHIRONOMIDAE,SC,HYDROBAENUS,SP,,DIPTERA,ARTHROPODA,8.5,ORTHOCLADIINAE,HYDROBAENUS,ORTHOCLADIINI/METRIOCNEMINI
10/27/2015,243,INVERTEBRATES,CLITELLATA,TUBIFICIDAE,,QUISTRADRILUS,,,HAPLOTAXIDA,ANNELIDA,,,QUISTRADRILUS,
10/27/2015,248,INVERTEBRATES,INSECTA,CORIXIDAE,PR,,SW,Y,HEMIPTERA,ARTHROPODA,8.1,,CORIXIDAE,
10/27/2015,252,INVERTEBRATES,INSECTA,CULICIDAE,CG,,SW,,DIPTERA,ARTHROPODA,7.7,,CULICIDAE,
10/27/2015,255,INVERTEBRATES,GASTROPODA,PLANORBIDAE,SC,MENETUS,CB,,BASOMMATOPHORA,MOLLUSCA,7.6,,MENETUS,
10/27/2015,256,INVERTEBRATES,INSECTA,MESOVELIIDAE,PR,MESOVELIA,,Y,HEMIPTERA,ARTHROPODA,,,MESOVELIA,
10/27/2015,257,INVERTEBRATES,INSECTA,NOTONECTIDAE,PR,NOTONECTA,"CB, SW",Y,HEMIPTERA,ARTHROPODA,10,NOTONECTINAE,NOTONECTA,NOTONECTINI
10/27/2015,258,INVERTEBRATES,INSECTA,GOMPHIDAE,PR,OCTOGOMPHUS,BU,,ODONATA,ARTHROPODA,1,,OCTOGOMPHUS,
10/27/2015,259,INVERTEBRATES,CLITELLATA,NAIDIDAE,,OPHIDONAIS,,,HAPLOTAXIDA,ANNELIDA,6.5,,OPHIDONAIS,
10/27/2015,260,INVERTEBRATES,OSTRACODA,,,,,,,ARTHROPODA,,,OSTRACODA,
10/27/2015,266,INVERTEBRATES,INSECTA,CHIRONOMIDAE,"CG,SH",PSECTROCLADIUS,SP,,DIPTERA,ARTHROPODA,7,ORTHOCLADIINAE,PSECTROCLADIUS,
10/27/2015,267,INVERTEBRATES,INSECTA,CHIRONOMIDAE,CG,STEMPELLINA,CB,,DIPTERA,ARTHROPODA,0,CHIRONOMINAE,STEMPELLINA,TANYTARSINI
10/27/2015,268,INVERTEBRATES,INSECTA,CHIRONOMIDAE,PR,,BU,,DIPTERA,ARTHROPODA,7,TANYPODINAE,TANYPODINAE,
10/27/2015,270,INVERTEBRATES,INSECTA,CORIXIDAE,PR,CORISELLA,SW,Y,HEMIPTERA,ARTHROPODA,8,CORIXINAE,CORISELLA,CORIXINI
10/27/2015,272,INVERTEBRATES,INSECTA,CORIXIDAE,PR,PALMACORIXA,SW,Y,HEMIPTERA,ARTHROPODA,6,CORIXINAE,PALMACORIXA,
10/27/2015,275,INVERTEBRATES,INSECTA,CORIXIDAE,PR,TRICHOCORIXA,SW,Y,HEMIPTERA,ARTHROPODA,6.4,CORIXINAE,TRICHOCORIXA,CORIXINI
10/27/2015,276,INVERTEBRATES,INSECTA,LEPIDOSTOMATIDAE,SH,LEPIDOSTOMA,CB,,TRICHOPTERA,ARTHROPODA,3,LEPIDOSTOMATINAE,LEPIDOSTOMA,
10/27/2015,278,INVERTEBRATES,INSECTA,AESHNIDAE,PR,ANAX,CN,,ODONATA,ARTHROPODA,4,,ANAX,
10/27/2015,282,INVERTEBRATES,INSECTA,CHIRONOMIDAE,PR,THIENEMANNIMYIA,SP,,DIPTERA,ARTHROPODA,,TANYPODINAE,THIENEMANNIMYIA GENUS GR.,PENTANEURINI
10/27/2015,283,INVERTEBRATES,INSECTA,STAPHYLINIDAE,,,,,COLEOPTERA,ARTHROPODA,,,STAPHYLINIDAE,
10/27/2015,287,INVERTEBRATES,CLITELLATA,LUMBRICULIDAE,CG,LUMBRICULUS,,,LUMBRICULIDA,ANNELIDA,,,LUMBRICULUS,
10/27/2015,310,INVERTEBRATES,CLITELLATA,TUBIFICIDAE,CG,,CN,,HAPLOTAXIDA,ANNELIDA,9,,TUBIFICIDAE,
10/27/2015,312,INVERTEBRATES,GASTROPODA,LYMNAEIDAE,SC,LYMNAEA,CB,,BASOMMATOPHORA,MOLLUSCA,2.6,LYMNAEINAE,LYMNAEA,
10/27/2015,315,INVERTEBRATES,BIVALVIA,PISIDIIDAE,"CF,CG",SPHAERIUM,BU,,VENEROIDA,MOLLUSCA,8,SPHAERIINAE,SPHAERIUM,
10/27/2015,316,INVERTEBRATES,INSECTA,LIBELLULIDAE,PR,TRAMEA,SP,,ODONATA,ARTHROPODA,,,TRAMEA,
10/27/2015,324,INVERTEBRATES,INSECTA,CHIRONOMIDAE,CG,STICTOCHIRONOMUS,BU,,DIPTERA,ARTHROPODA,5,CHIRONOMINAE,STICTOCHIRONOMUS,CHIRONOMINI
10/27/2015,325,INVERTEBRATES,INSECTA,LIMNEPHILIDAE,CG,ECCLISOMYIA,,,TRICHOPTERA,ARTHROPODA,2,,ECCLISOMYIA,
10/27/2015,326,INVERTEBRATES,INSECTA,PSEPHENIDAE,,EUBRIANAX,,,COLEOPTERA,ARTHROPODA,,,EUBRIANAX,
10/27/2015,327,INVERTEBRATES,INSECTA,SERICOSTOMATIDAE,SH,GUMAGA,SP,,TRICHOPTERA,ARTHROPODA,1.1,,GUMAGA,
10/27/2015,328,INVERTEBRATES,INSECTA,LIMNEPHILIDAE,SH,,CB,,TRICHOPTERA,ARTHROPODA,4.5,,LIMNEPHILIDAE,
10/27/2015,330,INVERTEBRATES,INSECTA,LIBELLULIDAE,,PLATHEMIS,,,ODONATA,ARTHROPODA,,,PLATHEMIS,
10/27/2015,331,INVERTEBRATES,INSECTA,CHIRONOMIDAE,CG,,BU,,DIPTERA,ARTHROPODA,5,ORTHOCLADIINAE,ORTHOCLADIINAE,
10/27/2015,333,INVERTEBRATES,CLITELLATA,NAIDIDAE,CG,,BU,,HAPLOTAXIDA,ANNELIDA,9,,NAIDIDAE,
10/27/2015,334,INVERTEBRATES,INSECTA,CHIRONOMIDAE,,ALOTANYPUS,BU,,DIPTERA,ARTHROPODA,,TANYPODINAE,ALOTANYPUS,MACROPELOPIINI
10/27/2015,335,INVERTEBRATES,INSECTA,CHIRONOMIDAE,"CG,CF",,BU,,DIPTERA,ARTHROPODA,6.2,,CHIRONOMIDAE,
10/27/2015,336,INVERTEBRATES,INSECTA,CHIRONOMIDAE,CG,,,,DIPTERA,ARTHROPODA,6,CHIRONOMINAE,CHIRONOMINAE,CHIRONOMINI
10/27/2015,337,INVERTEBRATES,INSECTA,CORIXIDAE,PI,HESPEROCORIXA,SW,Y,HEMIPTERA,ARTHROPODA,,CORIXINAE,HESPEROCORIXA,CORIXINI
10/27/2015,338,INVERTEBRATES,INSECTA,EPHYDRIDAE,,HYDRELLIA,,,DIPTERA,ARTHROPODA,,,HYDRELLIA,
10/27/2015,339,INVERTEBRATES,ARACHNIDA,LIMNOCHARIDAE,PR,LIMNOCHARES,CB,,TROMBIDIFORMES,ARTHROPODA,8,,LIMNOCHARES,
10/27/2015,340,INVERTEBRATES,INSECTA,NOTONECTIDAE,PR,,SW,Y,HEMIPTERA,ARTHROPODA,7,,NOTONECTIDAE,
10/27/2015,342,INVERTEBRATES,INSECTA,CHIRONOMIDAE,PR,ZAVRELIMYIA,SP,,DIPTERA,ARTHROPODA,8.5,TANYPODINAE,ZAVRELIMYIA,PENTANEURINI
10/27/2015,343,INVERTEBRATES,INSECTA,AESHNIDAE,"CF,CG,PR",AESHNA,CB,,ODONATA,ARTHROPODA,3,,AESHNA,
10/27/2015,344,INVERTEBRATES,INSECTA,LESTIDAE,,ARCHILESTES,,,ODONATA,ARTHROPODA,,,ARCHILESTES,
10/27/2015,346,INVERTEBRATES,INSECTA,CERATOPOGONIDAE,"PR,CG",SERROMYIA,"SP,BU,PK",,DIPTERA,ARTHROPODA,6,CERATOPOGONINAE,SERROMYIA,
10/27/2015,347,INVERTEBRATES,INSECTA,SIPHLONURIDAE,"CG,SH",SIPHLONURUS,SW,,EPHEMEROPTERA,ARTHROPODA,7,,SIPHLONURUS,
10/27/2015,349,INVERTEBRATES,INSECTA,DYTISCIDAE,SH,OREODYTES,SW,,COLEOPTERA,ARTHROPODA,5,HYDROPORINAE,OREODYTES,HYDROPORINI
10/27/2015,350,INVERTEBRATES,INSECTA,CORIXIDAE,PI,SIGARA,SW,Y,HEMIPTERA,ARTHROPODA,,CORIXINAE,SIGARA,CORIXINI
10/27/2015,351,INVERTEBRATES,CLITELLATA,ERPOBDELLIDAE,PR,,SP,,ARHYNCHOBDELLIDA,ANNELIDA,8,,ERPOBDELLIDAE,
10/27/2015,352,INVERTEBRATES,CLITELLATA,GLOSSIPHONIIDAE,PR,,SP,,RHYNCHOBDELLIDA,ANNELIDA,7.3,,GLOSSIPHONIIDAE,
10/27/2015,353,INVERTEBRATES,MALACOSTRACA,COROPHIIDAE,CG,AMERICOROPHIUM,,,AMPHIPODA,ARTHROPODA,,,AMERICOROPHIUM,
10/27/2015,354,INVERTEBRATES,INSECTA,CHIRONOMIDAE,PR,,,,DIPTERA,ARTHROPODA,,TANYPODINAE,MACROPELOPIINI,MACROPELOPIINI
10/27/2015,355,INVERTEBRATES,ARACHNIDA,HYGROBATIDAE,PR,ATRACTIDES,CB,,TROMBIDIFORMES,ARTHROPODA,8,,ATRACTIDES,
10/27/2015,356,INVERTEBRATES,INSECTA,DOLICHOPODIDAE,PR,,BU,,DIPTERA,ARTHROPODA,4.6,,DOLICHOPODIDAE,
10/27/2015,358,INVERTEBRATES,CLITELLATA,NAIDIDAE,,ARCTEONAIS,,,HAPLOTAXIDA,ANNELIDA,,,ARCTEONAIS,
10/27/2015,360,INVERTEBRATES,ARACHNIDA,HYDRYPHANTIDAE,,PROTZIA,,,TROMBIDIFORMES,ARTHROPODA,,,PROTZIA,
10/27/2015,362,INVERTEBRATES,INSECTA,,CG,,,,EPHEMEROPTERA,ARTHROPODA,3.8,,EPHEMEROPTERA,
10/27/2015,363,INVERTEBRATES,INSECTA,,CG,,CB,,DIPTERA,ARTHROPODA,7.3,,DIPTERA,
10/27/2015,364,INVERTEBRATES,MALACOSTRACA,CAMBARIDAE,CG,PROCAMBARUS,SP,,DECAPODA,ARTHROPODA,6,CAMBARINAE,PROCAMBARUS,
10/27/2015,365,INVERTEBRATES,GASTROPODA,HYDROBIIDAE,,PYRGULOPSIS,,,NEOTAENIOGLOSSA,MOLLUSCA,,,PYRGULOPSIS,
10/27/2015,366,INVERTEBRATES,INSECTA,CHIRONOMIDAE,CG,TRIBELOS,BU,,DIPTERA,ARTHROPODA,5.1,CHIRONOMINAE,TRIBELOS,CHIRONOMINI
10/27/2015,367,INVERTEBRATES,MALACOSTRACA,MYSIDAE,,NEOMYSIS,,,MYSIDACEA,ARTHROPODA,,,NEOMYSIS,
10/27/2015,368,INVERTEBRATES,INSECTA,CRAMBIDAE,SC,PETROPHILA,CB,,LEPIDOPTERA,ARTHROPODA,5,NYMPHULINAE,PETROPHILA,ARGYRACTINI
10/27/2015,371,INVERTEBRATES,INSECTA,BAETIDAE,CG,CENTROPTILUM,SW,,EPHEMEROPTERA,ARTHROPODA,2,,CENTROPTILUM,
10/27/2015,373,INVERTEBRATES,INSECTA,CHIRONOMIDAE,CG,HETEROTRISSOCLADIUS,SP,,DIPTERA,ARTHROPODA,4,ORTHOCLADIINAE,HETEROTRISSOCLADIUS,ORTHOCLADIINI/METRIOCNEMINI
10/27/2015,374,INVERTEBRATES,GASTROPODA,VALVATIDAE,SC,VALVATA,CB,,HETEROSTROPHA,MOLLUSCA,,,VALVATA,
10/27/2015,375,INVERTEBRATES,INSECTA,CHIRONOMIDAE,CG,MONODIAMESA,BU,,DIPTERA,ARTHROPODA,2,PRODIAMESINAE,MONODIAMESA,
10/27/2015,376,INVERTEBRATES,INSECTA,CHIRONOMIDAE,PR,PARAMERINA,SP,,DIPTERA,ARTHROPODA,2.8,TANYPODINAE,PARAMERINA,PENTANEURINI
10/27/2015,377,INVERTEBRATES,INSECTA,BAETIDAE,CG,PROCLOEON,SW,,EPHEMEROPTERA,ARTHROPODA,8.7,,PROCLOEON,
10/27/2015,378,INVERTEBRATES,INSECTA,CHIRONOMIDAE,,THIENEMANNIMYIA,,,DIPTERA,ARTHROPODA,,TANYPODINAE,THIENEMANNIMYIA,PENTANEURINI
10/27/2015,379,INVERTEBRATES,CLITELLATA,NAIDIDAE,CG,UNCINAIS,,,HAPLOTAXIDA,ANNELIDA,,,UNCINAIS,
10/27/2015,380,INVERTEBRATES,INSECTA,LIMNEPHILIDAE,SH,LIMNEPHILUS,"SP,CB",,TRICHOPTERA,ARTHROPODA,4,,LIMNEPHILUS,
10/27/2015,381,INVERTEBRATES,INSECTA,CHIRONOMIDAE,CG,LIMNOPHYES,SP,,DIPTERA,ARTHROPODA,1,ORTHOCLADIINAE,LIMNOPHYES,ORTHOCLADIINI/METRIOCNEMINI
10/27/2015,382,INVERTEBRATES,INSECTA,CORDULIIDAE,PR,SOMATOCHLORA,"SP,CB",,ODONATA,ARTHROPODA,1.6,,SOMATOCHLORA,
10/27/2015,383,INVERTEBRATES,INSECTA,DYTISCIDAE,PR,STICTOTARSUS,SW,,COLEOPTERA,ARTHROPODA,,HYDROPORINAE,STICTOTARSUS,
10/27/2015,384,INVERTEBRATES,INSECTA,CHIRONOMIDAE,CG,CORYNONEURA,SP,,DIPTERA,ARTHROPODA,3.5,ORTHOCLADIINAE,CORYNONEURA,CORYNONEURINI
10/27/2015,385,INVERTEBRATES,INSECTA,PHRYGANEIDAE,SH,,CB,,TRICHOPTERA,ARTHROPODA,4.2,,PHRYGANEIDAE,
10/27/2015,386,INVERTEBRATES,CLITELLATA,TUBIFICIDAE,CG,ILYODRILUS,,,HAPLOTAXIDA,ANNELIDA,10,,ILYODRILUS,
10/27/2015,387,INVERTEBRATES,INSECTA,LIMNEPHILIDAE,SH,ONOCOSMOECUS,"CN,SP",,TRICHOPTERA,ARTHROPODA,4,,ONOCOSMOECUS,
10/27/2015,388,INVERTEBRATES,INSECTA,POLYCENTROPODIDAE,,POLYCENTROPUS,,,TRICHOPTERA,ARTHROPODA,,,POLYCENTROPUS,
10/27/2015,390,INVERTEBRATES,INSECTA,CHIRONOMIDAE,CG,MICROPSECTRA,"CB,CN,SP",,DIPTERA,ARTHROPODA,6,CHIRONOMINAE,MICROPSECTRA,TANYTARSINI
10/27/2015,391,INVERTEBRATES,INSECTA,LEPTOPHLEBIIDAE,CG,PARALEPTOPHLEBIA,SW,,EPHEMEROPTERA,ARTHROPODA,1,,PARALEPTOPHLEBIA,
10/27/2015,392,INVERTEBRATES,INSECTA,CHIRONOMIDAE,CG,PSEUDODIAMESA,SP,,DIPTERA,ARTHROPODA,7.4,DIAMESINAE,PSEUDODIAMESA,DIAMESINI
10/27/2015,393,INVERTEBRATES,INSECTA,CHIRONOMIDAE,CG,SYNORTHOCLADIUS,,,DIPTERA,ARTHROPODA,3.1,ORTHOCLADIINAE,SYNORTHOCLADIUS,ORTHOCLADIINI/METRIOCNEMINI
10/27/2015,394,INVERTEBRATES,INSECTA,DYTISCIDAE,PR,,,,COLEOPTERA,ARTHROPODA,,COLYMBETINAE,COLYMBETINAE,
10/27/2015,395,INVERTEBRATES,GASTROPODA,LYMNAEIDAE,"CG,SC",FOSSARIA,CB,,BASOMMATOPHORA,MOLLUSCA,6,LYMNAEINAE,FOSSARIA,
10/27/2015,396,INVERTEBRATES,INSECTA,DYTISCIDAE,PR,HYDROPORUS,SW,,COLEOPTERA,ARTHROPODA,5,HYDROPORINAE,HYDROPORUS,HYDROPORINI
10/27/2015,397,INVERTEBRATES,INSECTA,CHIRONOMIDAE,CG,ODONTOMESA,SP,,DIPTERA,ARTHROPODA,5,PRODIAMESINAE,ODONTOMESA,
10/27/2015,398,INVERTEBRATES,CLITELLATA,,,,,,OPISTHOPORA,ANNELIDA,,,OPISTHOPORA,
10/27/2015,399,INVERTEBRATES,INSECTA,LIMNEPHILIDAE,,PHILARCTUS,,,TRICHOPTERA,ARTHROPODA,,,PHILARCTUS,
10/27/2015,400,INVERTEBRATES,INSECTA,CHIRONOMIDAE,,SERGENTIA,,,DIPTERA,ARTHROPODA,,CHIRONOMINAE,SERGENTIA,CHIRONOMINI
10/27/2015,401,INVERTEBRATES,INSECTA,HYDROPTILIDAE,"CF,CG",AGRAYLEA,CB,,TRICHOPTERA,ARTHROPODA,4,HYDROPTILINAE,AGRAYLEA,HYDROPTILINI
10/27/2015,402,INVERTEBRATES,ARACHNIDA,HYGROBATIDAE,,,,,TROMBIDIFORMES,ARTHROPODA,,,HYGROBATIDAE,
10/27/2015,403,INVERTEBRATES,INSECTA,CHIRONOMIDAE,,PROTANYPUS,,,DIPTERA,ARTHROPODA,,DIAMESINAE,PROTANYPUS,PROTANYPINI
10/27/2015,404,INVERTEBRATES,CLITELLATA,NAIDIDAE,CG,VEJDOVSKYELLA,,,HAPLOTAXIDA,ANNELIDA,,,VEJDOVSKYELLA,
10/27/2015,405,INVERTEBRATES,INSECTA,CHIRONOMIDAE,CG,STEMPELLINELLA,"CB,CN",,DIPTERA,ARTHROPODA,2,CHIRONOMINAE,STEMPELLINELLA,TANYTARSINI
10/27/2015,406,INVERTEBRATES,ARACHNIDA,HYDRYPHANTIDAE,PR,HYDRYPHANTES,SW,,TROMBIDIFORMES,ARTHROPODA,8,,HYDRYPHANTES,
10/27/2015,407,INVERTEBRATES,INSECTA,ELMIDAE,SC,OPTIOSERVUS,,,COLEOPTERA,ARTHROPODA,4,,OPTIOSERVUS,
10/27/2015,408,INVERTEBRATES,ARACHNIDA,PIONIDAE,,TIPHYS,,,TROMBIDIFORMES,ARTHROPODA,,,TIPHYS,
10/27/2015,409,INVERTEBRATES,INSECTA,,CG,,SP,,TRICHOPTERA,ARTHROPODA,4,,TRICHOPTERA,
10/27/2015,410,INVERTEBRATES,INSECTA,LIMNEPHILIDAE,,GLYPHOPSYCHE,,,TRICHOPTERA,ARTHROPODA,,,GLYPHOPSYCHE,
10/27/2015,411,INVERTEBRATES,INSECTA,HALIPLIDAE,PI,,CN,,COLEOPTERA,ARTHROPODA,7,,HALIPLIDAE,
10/27/2015,412,INVERTEBRATES,GASTROPODA,LYMNAEIDAE,"CG,SC",STAGNICOLA,CB,,BASOMMATOPHORA,MOLLUSCA,7,LYMNAEINAE,STAGNICOLA,
10/27/2015,413,INVERTEBRATES,INSECTA,PERLODIDAE,,ARCYNOPTERYX,,,PLECOPTERA,ARTHROPODA,,,ARCYNOPTERYX,
10/27/2015,414,INVERTEBRATES,INSECTA,LIMNEPHILIDAE,SH,PSYCHOGLYPHA,SP,,TRICHOPTERA,ARTHROPODA,1,LIMNEPHILINAE,PSYCHOGLYPHA,CHILOSTIGMINI
10/27/2015,415,INVERTEBRATES,INSECTA,DIXIDAE,,DIXELLA,,,DIPTERA,ARTHROPODA,,,DIXELLA,
10/27/2015,416,INVERTEBRATES,CLITELLATA,GLOSSIPHONIIDAE,PR,GLOSSIPHONIA,SP,,RHYNCHOBDELLIDA,ANNELIDA,10,,GLOSSIPHONIA,
10/27/2015,417,INVERTEBRATES,INSECTA,CHIRONOMIDAE,,RADOTANYPUS,,,DIPTERA,ARTHROPODA,,TANYPODINAE,RADOTANYPUS,MACROPELOPIINI
10/27/2015,418,INVERTEBRATES,INSECTA,CHIRONOMIDAE,CG,DIPLOCLADIUS,SP,,DIPTERA,ARTHROPODA,5.2,ORTHOCLADIINAE,DIPLOCLADIUS,ORTHOCLADIINI/METRIOCNEMINI
10/27/2015,419,INVERTEBRATES,INSECTA,CHIRONOMIDAE,CG,POTTHASTIA,SP,,DIPTERA,ARTHROPODA,4.1,DIAMESINAE,POTTHASTIA,DIAMESINI
10/27/2015,420,INVERTEBRATES,INSECTA,DYTISCIDAE,,SANFILIPPODYTES,,,COLEOPTERA,ARTHROPODA,,HYDROPORINAE,SANFILIPPODYTES,
10/27/2015,421,INVERTEBRATES,INSECTA,DYTISCIDAE,,RHANTUS,,,COLEOPTERA,ARTHROPODA,,COLYMBETINAE,RHANTUS,
10/27/2015,422,INVERTEBRATES,INSECTA,LIMNEPHILIDAE,SH,HESPEROPHYLAX,"SP,CB",,TRICHOPTERA,ARTHROPODA,5,,HESPEROPHYLAX,
10/27/2015,423,INVERTEBRATES,INSECTA,ELMIDAE,CG,HETERLIMNIUS,CN,,COLEOPTERA,ARTHROPODA,4,,HETERLIMNIUS,
10/27/2015,424,INVERTEBRATES,CLITELLATA,,CG,,,,BRANCHIOBDELLIDA,ANNELIDA,7.5,,BRANCHIOBDELLIDA,
10/27/2015,425,INVERTEBRATES,INSECTA,AESHNIDAE,PR,BOYERIA,CN,,ODONATA,ARTHROPODA,5.7,,BOYERIA,
10/27/2015,426,INVERTEBRATES,INSECTA,DYTISCIDAE,PR,LACCOPHILUS,SW,,COLEOPTERA,ARTHROPODA,10,LACCOPHILINAE,LACCOPHILUS,LACCOPHILINI
10/27/2015,427,INVERTEBRATES,BIVALVIA,UNIONIDAE,CF,ELLIPTIO,BU,,UNIONOIDA,MOLLUSCA,5.9,AMBLEMINAE,ELLIPTIO,
10/27/2015,428,INVERTEBRATES,CLITELLATA,GLOSSIPHONIIDAE,PR,ALBOGLOSSIPHONIA,SP,,RHYNCHOBDELLIDA,ANNELIDA,8,,ALBOGLOSSIPHONIA,
10/27/2015,429,INVERTEBRATES,INSECTA,LIBELLULIDAE,PR,CELITHEMIS,CB,,ODONATA,ARTHROPODA,,,CELITHEMIS,
10/27/2015,430,INVERTEBRATES,POLYCHAETA,SABELLIDAE,,MANAYUNKIA,,,CANALIPALPATA,ANNELIDA,,,MANAYUNKIA,
10/27/2015,431,INVERTEBRATES,INSECTA,DIPSEUDOPSIDAE,"CF,CG",PHYLOCENTROPUS,CN,,TRICHOPTERA,ARTHROPODA,5,,PHYLOCENTROPUS,
10/27/2015,432,INVERTEBRATES,CLITELLATA,NAIDIDAE,CG,RIPISTES,,,HAPLOTAXIDA,ANNELIDA,,,RIPISTES,
10/27/2015,433,INVERTEBRATES,INSECTA,CHIRONOMIDAE,SH,ZALUTSCHIA,,,DIPTERA,ARTHROPODA,2,ORTHOCLADIINAE,ZALUTSCHIA,ORTHOCLADIINI/METRIOCNEMINI
10/27/2015,434,INVERTEBRATES,INSECTA,GOMPHIDAE,PR,DROMOGOMPHUS,BU,,ODONATA,ARTHROPODA,5.3,,DROMOGOMPHUS,
10/27/2015,435,INVERTEBRATES,INSECTA,MOLANNIDAE,SC,MOLANNA,SP,,TRICHOPTERA,ARTHROPODA,3.9,,MOLANNA,
10/27/2015,436,INVERTEBRATES,INSECTA,HEPTAGENIIDAE,CG,STENACRON,CN,,EPHEMEROPTERA,ARTHROPODA,4.4,,STENACRON,
10/27/2015,437,INVERTEBRATES,INSECTA,LEPTOCERIDAE,SH,LEPTOCERUS,SW,,TRICHOPTERA,ARTHROPODA,4,,LEPTOCERUS,
10/27/2015,438,INVERTEBRATES,INSECTA,LIBELLULIDAE,PR,PACHYDIPLAX,SP,,ODONATA,ARTHROPODA,7.9,,PACHYDIPLAX,
10/27/2015,439,INVERTEBRATES,GASTROPODA,PLANORBIDAE,"CG,SC",PROMENETUS,CB,,BASOMMATOPHORA,MOLLUSCA,8.5,,PROMENETUS,
10/27/2015,440,INVERTEBRATES,INSECTA,CHIRONOMIDAE,,HYPORHYGMA,BU,,DIPTERA,ARTHROPODA,,CHIRONOMINAE,HYPORHYGMA,CHIRONOMINI
10/27/2015,441,INVERTEBRATES,INSECTA,CORDULIIDAE,"PR,SH",DIDYMOPS,SP,,ODONATA,ARTHROPODA,4,,DIDYMOPS,
10/27/2015,442,INVERTEBRATES,INSECTA,EPHEMERELLIDAE,"CG,PR,SC",EURYLOPHELLA,CN,,EPHEMEROPTERA,ARTHROPODA,2.5,,EURYLOPHELLA,
10/27/2015,443,INVERTEBRATES,INSECTA,LEPTOPHLEBIIDAE,CG,LEPTOPHLEBIA,SW,,EPHEMEROPTERA,ARTHROPODA,4,,LEPTOPHLEBIA,
10/27/2015,444,INVERTEBRATES,MALACOSTRACA,CRANGONYCTIDAE,,,,,AMPHIPODA,ARTHROPODA,,,CRANGONYCTIDAE,
10/27/2015,445,INVERTEBRATES,INSECTA,CHIRONOMIDAE,PR,NATARSIA,SP,,DIPTERA,ARTHROPODA,9,TANYPODINAE,NATARSIA,NATARSIINI
10/27/2015,446,INVERTEBRATES,INSECTA,CORDULIIDAE,,NEUROCORDULIA,,,ODONATA,ARTHROPODA,,,NEUROCORDULIA,
10/27/2015,447,INVERTEBRATES,GASTROPODA,VIVIPARIDAE,SC,CAMPELOMA,CB,,ARCHITAENIOGLOSSA,MOLLUSCA,5.9,,CAMPELOMA,
10/27/2015,448,INVERTEBRATES,INSECTA,POLYCENTROPODIDAE,PR,NYCTIOPHYLAX,CN,,TRICHOPTERA,ARTHROPODA,3.8,POLYCENTROPODINAE,NYCTIOPHYLAX,
10/27/2015,449,INVERTEBRATES,INSECTA,CORYDALIDAE,PR,,CN,,MEGALOPTERA,ARTHROPODA,1.5,,CORYDALIDAE,
10/27/2015,450,INVERTEBRATES,ARACHNIDA,HYDRACHNIDAE,PR,HYDRACHNA,SW,,TROMBIDIFORMES,ARTHROPODA,8,,HYDRACHNA,
10/27/2015,451,INVERTEBRATES,CLITELLATA,GLOSSIPHONIIDAE,PR,PLACOBDELLA,SP,,RHYNCHOBDELLIDA,ANNELIDA,7.6,GLOSSIPHONIINAE,PLACOBDELLA,
10/27/2015,452,INVERTEBRATES,INSECTA,SISYRIDAE,"CF,CG,PI",SISYRA,CB,,NEUROPTERA,ARTHROPODA,6.5,,SISYRA,
10/27/2015,453,INVERTEBRATES,INSECTA,TIPULIDAE,CG,HELIUS,"BU,SP",,DIPTERA,ARTHROPODA,4,,HELIUS,
10/27/2015,454,INVERTEBRATES,INSECTA,LIBELLULIDAE,PR,LADONA,SP,,ODONATA,ARTHROPODA,9,,LADONA,
10/27/2015,455,INVERTEBRATES,INSECTA,GOMPHIDAE,PR,GOMPHUS,BU,,ODONATA,ARTHROPODA,1.8,,GOMPHUS,
10/27/2015,456,INVERTEBRATES,INSECTA,CERATOPOGONIDAE,"PR, CG",,SP,,DIPTERA,ARTHROPODA,,FORCIPOMYIINAE,FORCIPOMYIINAE,
10/27/2015,457,INVERTEBRATES,INSECTA,LIBELLULIDAE,PR,LEUCORRHINIA,"CB, SP",,ODONATA,ARTHROPODA,,,LEUCORRHINIA,
10/27/2015,458,INVERTEBRATES,INSECTA,CHIRONOMIDAE,CG,PARAMETRIOCNEMUS,SP,,DIPTERA,ARTHROPODA,3.9,ORTHOCLADIINAE,PARAMETRIOCNEMUS,ORTHOCLADIINI/METRIOCNEMINI
10/27/2015,459,INVERTEBRATES,INSECTA,CHIRONOMIDAE,CG,PARAPHAENOCLADIUS,SP,,DIPTERA,ARTHROPODA,5,ORTHOCLADIINAE,PARAPHAENOCLADIUS,ORTHOCLADIINI/METRIOCNEMINI
10/27/2015,460,INVERTEBRATES,INSECTA,PSYCHODIDAE,,PERICOMA/TELMATOSCOPUS,,,DIPTERA,ARTHROPODA,,,PERICOMA/TELMATOSCOPUS,
10/27/2015,461,INVERTEBRATES,INSECTA,SCIOMYZIDAE,PR,,BU,,DIPTERA,ARTHROPODA,6,,SCIOMYZIDAE,
10/27/2015,462,INVERTEBRATES,INSECTA,NOTERIDAE,,SUPHIS,CB,,COLEOPTERA,ARTHROPODA,,NOTERINAE,SUPHIS,
10/27/2015,463,INVERTEBRATES,MALACOSTRACA,,,,,,DECAPODA,ARTHROPODA,,,DECAPODA,
10/27/2015,464,INVERTEBRATES,INSECTA,DYTISCIDAE,PR,HYDROVATUS,SW,,COLEOPTERA,ARTHROPODA,4,HYDROPORINAE,HYDROVATUS,
10/27/2015,465,INVERTEBRATES,INSECTA,NAUCORIDAE,PR,,CB,,HEMIPTERA,ARTHROPODA,5,,NAUCORIDAE,
10/27/2015,466,INVERTEBRATES,GASTROPODA,VIVIPARIDAE,SC,VIVIPARUS,CB,,ARCHITAENIOGLOSSA,MOLLUSCA,1,,VIVIPARUS,
10/27/2015,467,INVERTEBRATES,GASTROPODA,AMPULLARIIDAE,SC,POMACEA,CB,,ARCHITAENIOGLOSSA,MOLLUSCA,,,POMACEA,
10/27/2015,468,INVERTEBRATES,ARACHNIDA,TORRENTICOLIDAE,PR,TORRENTICOLA,CB,,TROMBIDIFORMES,ARTHROPODA,8,,TORRENTICOLA,
10/27/2015,469,INVERTEBRATES,INSECTA,CHIRONOMIDAE,,ASHEUM,,,DIPTERA,ARTHROPODA,,CHIRONOMINAE,ASHEUM,CHIRONOMINI
10/27/2015,470,INVERTEBRATES,INSECTA,CHIRONOMIDAE,,BEARDIUS,BU,,DIPTERA,ARTHROPODA,,CHIRONOMINAE,BEARDIUS,CHIRONOMINI
10/27/2015,471,INVERTEBRATES,INSECTA,GYRINIDAE,PR,DINEUTUS,SW,,COLEOPTERA,ARTHROPODA,5,,DINEUTUS,
10/27/2015,472,INVERTEBRATES,ARACHNIDA,LIMNESIIDAE,PR,,CB,,TROMBIDIFORMES,ARTHROPODA,8,,LIMNESIIDAE,
10/27/2015,473,INVERTEBRATES,INSECTA,HYDROPHILIDAE,,PHAENONOTUM,,,COLEOPTERA,ARTHROPODA,,,PHAENONOTUM,
10/27/2015,474,INVERTEBRATES,MALACOSTRACA,MYSIDAE,,AMERICAMYSIS,,,MYSIDACEA,ARTHROPODA,,,AMERICAMYSIS,
10/27/2015,475,INVERTEBRATES,MALACOSTRACA,PANOPEIDAE,,RHITHROPANOPEUS,,,DECAPODA,ARTHROPODA,,,RHITHROPANOPEUS,
10/27/2015,476,INVERTEBRATES,INSECTA,PYRALIDAE,,OXYELOPHILA,,,LEPIDOPTERA,ARTHROPODA,,,OXYELOPHILA,
10/27/2015,477,INVERTEBRATES,INSECTA,CHIRONOMIDAE,PR,DJALMABATISTA,SP,,DIPTERA,ARTHROPODA,6.7,TANYPODINAE,DJALMABATISTA,PROCLADIINI
10/27/2015,478,INVERTEBRATES,INSECTA,DYTISCIDAE,PR,ANODOCHEILUS,,,COLEOPTERA,ARTHROPODA,,HYDROPORINAE,ANODOCHEILUS,
10/27/2015,479,INVERTEBRATES,INSECTA,DYTISCIDAE,,BIDESSONOTUS,"SW,CB",,COLEOPTERA,ARTHROPODA,,HYDROPORINAE,BIDESSONOTUS,
10/27/2015,481,INVERTEBRATES,INSECTA,DYTISCIDAE,PR,COPTOTOMUS,SW,,COLEOPTERA,ARTHROPODA,9,COPTOTOMINAE,COPTOTOMUS,COPTOTIMINI
10/27/2015,482,INVERTEBRATES,INSECTA,DYTISCIDAE,PR,DESMOPACHRIA,SW,,COLEOPTERA,ARTHROPODA,4,HYDROPORINAE,DESMOPACHRIA,
10/27/2015,483,INVERTEBRATES,INSECTA,GYRINIDAE,PR,GYRINUS,,,COLEOPTERA,ARTHROPODA,5,,GYRINUS,
10/27/2015,484,INVERTEBRATES,INSECTA,POLYCENTROPODIDAE,"CF,PR",CYRNELLUS,CN,,TRICHOPTERA,ARTHROPODA,5.5,,CYRNELLUS,
10/27/2015,485,INVERTEBRATES,INSECTA,CHIRONOMIDAE,CF,RHEOTANYTARSUS,CN,,DIPTERA,ARTHROPODA,6,CHIRONOMINAE,RHEOTANYTARSUS,TANYTARSINI
10/27/2015,486,INVERTEBRATES,INSECTA,NAUCORIDAE,PR,PELOCORIS,CB,,HEMIPTERA,ARTHROPODA,,NAUCORINAE,PELOCORIS,
10/27/2015,487,INVERTEBRATES,INSECTA,CHIRONOMIDAE,,DEROTANYPUS,,,DIPTERA,ARTHROPODA,,TANYPODINAE,DEROTANYPUS,MACROPELOPIINI
10/27/2015,488,INVERTEBRATES,INSECTA,TIPULIDAE,CG,ERIOPTERA,"BU,SP",,DIPTERA,ARTHROPODA,5.5,LIMONIINAE,ERIOPTERA,ERIOPTERINI
10/27/2015,489,INVERTEBRATES,INSECTA,CHIRONOMIDAE,CG,DEMICRYPTOCHIRONOMUS,BU,,DIPTERA,ARTHROPODA,6,CHIRONOMINAE,DEMICRYPTOCHIRONOMUS,CHIRONOMINI
10/27/2015,490,INVERTEBRATES,INSECTA,SISYRIDAE,PR,,"CB,CN,BU",,NEUROPTERA,ARTHROPODA,,,SISYRIDAE,
10/27/2015,491,INVERTEBRATES,CLITELLATA,TUBIFICIDAE,CG,SPIROSPERMA,CN,,HAPLOTAXIDA,ANNELIDA,8.8,,SPIROSPERMA,
10/27/2015,492,INVERTEBRATES,MAXILLOPODA,BALANIDAE,CF,BALANUS,,,SESSILIA,ARTHROPODA,,,BALANUS,
10/27/2015,493,INVERTEBRATES,POLYCHAETA,CAPITELLIDAE,,CAPITELLA,,,,ANNELIDA,,,CAPITELLA,
10/27/2015,494,INVERTEBRATES,MALACOSTRACA,SPHAEROMATIDAE,,CASSIDINIDEA,SP,,ISOPODA,ARTHROPODA,,,CASSIDINIDEA,
10/27/2015,495,INVERTEBRATES,POLYCHAETA,EUNICIDAE,,,,,ACICULATA,ANNELIDA,,,EUNICIDAE,
10/27/2015,496,INVERTEBRATES,POLYCHAETA,SERPULIDAE,,FICOPOMATUS,,,CANALIPALPATA,ANNELIDA,,,FICOPOMATUS,
10/27/2015,497,INVERTEBRATES,BIVALVIA,VENERIDAE,,GEMMA,,,VENEROIDA,MOLLUSCA,,,GEMMA,
10/27/2015,498,INVERTEBRATES,POLYCHAETA,SERPULIDAE,,HYDROIDES,,,CANALIPALPATA,ANNELIDA,,,HYDROIDES,
10/27/2015,499,INVERTEBRATES,MALACOSTRACA,LEPTOCHELIIDAE,,LEPTOCHELIA,,,TANAIDACEA,ARTHROPODA,,,LEPTOCHELIA,
10/27/2015,500,INVERTEBRATES,MALACOSTRACA,COROPHIIDAE,,MONOCOROPHIUM,,,AMPHIPODA,ARTHROPODA,,,MONOCOROPHIUM,
10/27/2015,501,INVERTEBRATES,POLYCHAETA,NEREIDIDAE,,NEANTHES,,,ACICULATA,ANNELIDA,,,NEANTHES,
10/27/2015,502,INVERTEBRATES,GASTROPODA,PYRAMIDELLIDAE,,ODOSTOMIA,,,HETEROSTROPHA,MOLLUSCA,,,ODOSTOMIA,
10/27/2015,503,INVERTEBRATES,POLYCHAETA,SPIONIDAE,,POLYDORA,,,CANALIPALPATA,ANNELIDA,,,POLYDORA,
10/27/2015,504,INVERTEBRATES,MALACOSTRACA,BOPYRIDAE,,PROBOPYRUS,,,ISOPODA,ARTHROPODA,,,PROBOPYRUS,
10/27/2015,505,INVERTEBRATES,POLYCHAETA,CHAETOPTERIDAE,,SPIOCHAETOPTERUS,,,CANALIPALPATA,ANNELIDA,,,SPIOCHAETOPTERUS,
10/27/2015,506,INVERTEBRATES,MALACOSTRACA,STENOTHOIDAE,,,,,AMPHIPODA,ARTHROPODA,,,STENOTHOIDAE,
10/27/2015,507,INVERTEBRATES,POLYCHAETA,SPIONIDAE,,STREBLOSPIO,,,CANALIPALPATA,ANNELIDA,,,STREBLOSPIO,
10/27/2015,508,INVERTEBRATES,ARACHNIDA,LIMNESIIDAE,PR,CENTROLIMNESIA,,,TROMBIDIFORMES,ARTHROPODA,,,CENTROLIMNESIA,
10/27/2015,509,INVERTEBRATES,INSECTA,DYTISCIDAE,PR,CYBISTER,"SW,DV",,COLEOPTERA,ARTHROPODA,,DYTISCINAE,CYBISTER,CYBISTRINI
10/27/2015,510,INVERTEBRATES,INSECTA,CHIRONOMIDAE,CG,PARALAUTERBORNIELLA,BU,,DIPTERA,ARTHROPODA,5.6,CHIRONOMINAE,PARALAUTERBORNIELLA,CHIRONOMINI
10/27/2015,511,INVERTEBRATES,CLITELLATA,TUBIFICIDAE,CG,POTAMOTHRIX,,,HAPLOTAXIDA,ANNELIDA,,,POTAMOTHRIX,
10/27/2015,512,INVERTEBRATES,INSECTA,CAENIDAE,CG,,,,EPHEMEROPTERA,ARTHROPODA,7,,CAENIDAE,
10/27/2015,513,INVERTEBRATES,GASTROPODA,PLANORBIDAE,SC,ARMIGER,CB,,BASOMMATOPHORA,MOLLUSCA,,,ARMIGER,
10/27/2015,514,INVERTEBRATES,INSECTA,PLEIDAE,PR,,SW,,HEMIPTERA,ARTHROPODA,,,PLEIDAE,
10/27/2015,515,INVERTEBRATES,GASTROPODA,VIVIPARIDAE,SC,CIPANGOPALUDINA,,,ARCHITAENIOGLOSSA,MOLLUSCA,,,CIPANGOPALUDINA,
10/27/2015,516,INVERTEBRATES,INSECTA,DYTISCIDAE,PR,DYTISCUS,"SW,DV",,COLEOPTERA,ARTHROPODA,5,DYTISCINAE,DYTISCUS,
10/27/2015,517,INVERTEBRATES,INSECTA,LESTIDAE,PR,LESTES,CB,,ODONATA,ARTHROPODA,9,,LESTES,
10/27/2015,518,INVERTEBRATES,INSECTA,TIPULIDAE,SH,MOLOPHILUS,BU,,DIPTERA,ARTHROPODA,4,,MOLOPHILUS,
10/27/2015,519,INVERTEBRATES,INSECTA,CHIRONOMIDAE,CG,PSEUDOSMITTIA,SP,,DIPTERA,ARTHROPODA,4,ORTHOCLADIINAE,PSEUDOSMITTIA,ORTHOCLADIINI/METRIOCNEMINI
10/27/2015,520,INVERTEBRATES,ARACHNIDA,PIONIDAE,,HYDROCHOREUTES,,,TROMBIDIFORMES,ARTHROPODA,,,HYDROCHOREUTES,
10/27/2015,521,INVERTEBRATES,INSECTA,CHIRONOMIDAE,CG,CONSTEMPELLINA,CB,,DIPTERA,ARTHROPODA,7.5,CHIRONOMINAE,CONSTEMPELLINA,TANYTARSINI
10/27/2015,522,INVERTEBRATES,INSECTA,EPHEMERELLIDAE,,EPHEMERELLA,,,EPHEMEROPTERA,ARTHROPODA,,,EPHEMERELLA,
10/27/2015,523,INVERTEBRATES,CLITELLATA,TUBIFICIDAE,CG,RHYACODRILUS,,,HAPLOTAXIDA,ANNELIDA,10,,RHYACODRILUS,
10/27/2015,524,INVERTEBRATES,INSECTA,HYDROPHILIDAE,,CYMBIODYTA,,,COLEOPTERA,ARTHROPODA,,,CYMBIODYTA,
10/27/2015,525,INVERTEBRATES,CLITELLATA,TUBIFICIDAE,,TASSERKIDRILUS,,,HAPLOTAXIDA,ANNELIDA,,,TASSERKIDRILUS,
10/27/2015,526,INVERTEBRATES,INSECTA,CHIRONOMIDAE,PR,PSECTROTANYPUS,SP,,DIPTERA,ARTHROPODA,8,TANYPODINAE,PSECTROTANYPUS,MACROPELOPIINI
10/27/2015,527,INVERTEBRATES,INSECTA,SIMULIIDAE,CF,SIMULIUM,CN,,DIPTERA,ARTHROPODA,5.7,SIMULIINAE,SIMULIUM,SIMULIINI
10/27/2015,528,INVERTEBRATES,INSECTA,CHIRONOMIDAE,CG,PAGASTIA,,,DIPTERA,ARTHROPODA,1.5,DIAMESINAE,PAGASTIA,DIAMESINI
10/27/2015,529,INVERTEBRATES,INSECTA,CHIRONOMIDAE,CG,RHEOCRICOTOPUS,SP,,DIPTERA,ARTHROPODA,5.3,ORTHOCLADIINAE,RHEOCRICOTOPUS,
10/27/2015,530,INVERTEBRATES,ARACHNIDA,EYLAIDAE,PR,EYLAIS,SW,,TROMBIDIFORMES,ARTHROPODA,8,,EYLAIS,
10/27/2015,531,INVERTEBRATES,INSECTA,DYTISCIDAE,,ILYBIUS,,,COLEOPTERA,ARTHROPODA,,COLYMBETINAE,ILYBIUS,
10/27/2015,532,INVERTEBRATES,INSECTA,DYTISCIDAE,PR,AGABUS,SW,,COLEOPTERA,ARTHROPODA,6.5,AGABINAE,AGABUS,AGABINI
10/27/2015,533,INVERTEBRATES,INSECTA,MUSCIDAE,PR,,SP,,DIPTERA,ARTHROPODA,5.9,,MUSCIDAE,
10/27/2015,534,INVERTEBRATES,INSECTA,PHRYGANEIDAE,,PHRYGANEA,CB,,TRICHOPTERA,ARTHROPODA,,PHRYGANEINAE,PHRYGANEA,
10/27/2015,535,INVERTEBRATES,INSECTA,CHIRONOMIDAE,,OMISUS,,,DIPTERA,ARTHROPODA,,CHIRONOMINAE,OMISUS,CHIRONOMINI
10/27/2015,536,INVERTEBRATES,INSECTA,HEPTAGENIIDAE,,CINYGMA,,,EPHEMEROPTERA,ARTHROPODA,,,CINYGMA,
10/27/2015,537,INVERTEBRATES,INSECTA,LIMNEPHILIDAE,SH,DESMONA,,,TRICHOPTERA,ARTHROPODA,1,,DESMONA,
10/27/2015,538,INVERTEBRATES,INSECTA,AMELETIDAE,"CG,SC,SH",AMELETUS,SW,,EPHEMEROPTERA,ARTHROPODA,1,,AMELETUS,
10/27/2015,539,INVERTEBRATES,INSECTA,CHIRONOMIDAE,CG,EUKIEFFERIELLA,SP,,DIPTERA,ARTHROPODA,6.3,ORTHOCLADIINAE,EUKIEFFERIELLA,ORTHOCLADIINI/METRIOCNEMINI
10/27/2015,540,INVERTEBRATES,INSECTA,HYDROPSYCHIDAE,"CF,PR",HYDROPSYCHE,CN,,TRICHOPTERA,ARTHROPODA,3,HYDROPSYCHINAE,HYDROPSYCHE,
10/27/2015,541,INVERTEBRATES,INSECTA,HYDROPSYCHIDAE,CF,,CN,,TRICHOPTERA,ARTHROPODA,3.4,,HYDROPSYCHIDAE,
10/27/2015,542,INVERTEBRATES,INSECTA,CHLOROPERLIDAE,,SWELTSA,,,PLECOPTERA,ARTHROPODA,,,SWELTSA,
10/27/2015,543,INVERTEBRATES,MALACOSTRACA,ASTACIDAE,,PACIFASTACUS,SP,,DECAPODA,ARTHROPODA,6.2,,PACIFASTACUS,
10/27/2015,544,INVERTEBRATES,INSECTA,EPHEMERELLIDAE,CG,,CN,,EPHEMEROPTERA,ARTHROPODA,1.4,,EPHEMERELLIDAE,
10/27/2015,545,INVERTEBRATES,INSECTA,PERLODIDAE,PR,,"CN,SP",,PLECOPTERA,ARTHROPODA,2,,PERLODIDAE,
10/27/2015,546,INVERTEBRATES,INSECTA,PHRYGANEIDAE,SH,AGRYPNIA,CB,,TRICHOPTERA,ARTHROPODA,,PHRYGANEINAE,AGRYPNIA,
10/27/2015,547,INVERTEBRATES,BIVALVIA,DREISSENIDAE,CF,DREISSENA,,,VENEROIDA,MOLLUSCA,,,DREISSENA,
10/27/2015,548,INVERTEBRATES,INSECTA,BAETIDAE,SH,CLOEON,"SW,CN",,EPHEMEROPTERA,ARTHROPODA,,,CLOEON,
10/27/2015,549,INVERTEBRATES,INSECTA,BAETIDAE,,WAYNOKIOPS,,,EPHEMEROPTERA,ARTHROPODA,,,WAYNOKIOPS,
10/27/2015,550,INVERTEBRATES,ARACHNIDA,KRENDOWSKIIDAE,,GEAYIA,,,TROMBIDIFORMES,ARTHROPODA,,,GEAYIA,
10/27/2015,551,INVERTEBRATES,ARACHNIDA,UNIONICOLIDAE,PR,,CB,,TROMBIDIFORMES,ARTHROPODA,8,,UNIONICOLIDAE,
10/27/2015,552,INVERTEBRATES,GASTROPODA,PLEUROCERIDAE,SC,GONIOBASIS,,,NEOTAENIOGLOSSA,MOLLUSCA,,,GONIOBASIS,
10/27/2015,553,INVERTEBRATES,INSECTA,SISYRIDAE,PR,CLIMACIA,CB,,NEUROPTERA,ARTHROPODA,8.4,,CLIMACIA,
10/27/2015,554,INVERTEBRATES,CLITELLATA,NAIDIDAE,CG,SPECARIA,BU,,HAPLOTAXIDA,ANNELIDA,6.1,,SPECARIA,
10/27/2015,555,INVERTEBRATES,INSECTA,EPHYDRIDAE,,EPHYDRA,,,DIPTERA,ARTHROPODA,,,EPHYDRA,
10/27/2015,557,INVERTEBRATES,INSECTA,SERICOSTOMATIDAE,SH,AGARODES,SP,,TRICHOPTERA,ARTHROPODA,1.5,,AGARODES,
10/27/2015,558,INVERTEBRATES,ARACHNIDA,MIDEIDAE,PR,MIDEA,,,TROMBIDIFORMES,ARTHROPODA,,,MIDEA,
10/27/2015,559,INVERTEBRATES,ARACHNIDA,WETTINIDAE,PR,WETTINA,CB,,TROMBIDIFORMES,ARTHROPODA,8,,WETTINA,
10/27/2015,560,INVERTEBRATES,INSECTA,CHRYSOMELIDAE,,,,,COLEOPTERA,ARTHROPODA,,,CHRYSOMELIDAE,
10/27/2015,561,INVERTEBRATES,INSECTA,EPHEMERIDAE,CG,,BU,,EPHEMEROPTERA,ARTHROPODA,4.7,,EPHEMERIDAE,
10/27/2015,562,INVERTEBRATES,INSECTA,CHIRONOMIDAE,CG,AXARUS,SP,,DIPTERA,ARTHROPODA,2,CHIRONOMINAE,AXARUS,CHIRONOMINI
10/27/2015,563,INVERTEBRATES,INSECTA,LIMNEPHILIDAE,SH,PYCNOPSYCHE,SP,,TRICHOPTERA,ARTHROPODA,2.5,LIMNEPHILINAE,PYCNOPSYCHE,STENOPHYLACINI
10/27/2015,564,INVERTEBRATES,INSECTA,CHIRONOMIDAE,CG,STELECHOMYIA,BU,,DIPTERA,ARTHROPODA,4.6,CHIRONOMINAE,STELECHOMYIA,CHIRONOMINI
10/27/2015,565,INVERTEBRATES,INSECTA,CHIRONOMIDAE,,FITTKAUIMYIA,"SP,BU",,DIPTERA,ARTHROPODA,,TANYPODINAE,FITTKAUIMYIA,MACROPELOPIINI
10/27/2015,566,INVERTEBRATES,INSECTA,BELOSTOMATIDAE,PR,BELOSTOMA,CB,,HEMIPTERA,ARTHROPODA,10,BELOSTOMATINAE,BELOSTOMA,
10/27/2015,567,INVERTEBRATES,INSECTA,GOMPHIDAE,"CF,CG,PR",ARIGOMPHUS,BU,,ODONATA,ARTHROPODA,1,,ARIGOMPHUS,
10/27/2015,568,INVERTEBRATES,,,,,,,,NEMATODA,,,NEMATODA,
10/27/2015,569,INVERTEBRATES,MALACOSTRACA,COROPHIIDAE,,APOCOROPHIUM,,,AMPHIPODA,ARTHROPODA,,,APOCOROPHIUM,
10/27/2015,570,INVERTEBRATES,POLYCHAETA,AMPHARETIDAE,,HOBSONIA,,,CANALIPALPATA,ANNELIDA,,,HOBSONIA,
10/27/2015,571,INVERTEBRATES,MALACOSTRACA,COROPHIIDAE,,,,,AMPHIPODA,ARTHROPODA,,,COROPHIIDAE,
10/27/2015,572,INVERTEBRATES,MAXILLOPODA,ARGULIDAE,PA,ARGULUS,,,ARGULOIDA,ARTHROPODA,,,ARGULUS,
10/27/2015,573,INVERTEBRATES,INSECTA,GOMPHIDAE,PR,HAGENIUS,SP,,ODONATA,ARTHROPODA,3.1,,HAGENIUS,
10/27/2015,574,INVERTEBRATES,MALACOSTRACA,,,,,,ISOPODA,ARTHROPODA,,,ISOPODA,
10/27/2015,575,INVERTEBRATES,INSECTA,LIMNEPHILIDAE,,NEMOTAULIUS,,,TRICHOPTERA,ARTHROPODA,,,NEMOTAULIUS,
10/27/2015,576,INVERTEBRATES,INSECTA,DIPSEUDOPSIDAE,,,,,TRICHOPTERA,ARTHROPODA,,,DIPSEUDOPSIDAE,
10/27/2015,577,INVERTEBRATES,INSECTA,CHIRONOMIDAE,,HETEROTANYTARSUS,,,DIPTERA,ARTHROPODA,,ORTHOCLADIINAE,HETEROTANYTARSUS,ORTHOCLADIINI/METRIOCNEMINI
10/27/2015,579,INVERTEBRATES,INSECTA,PYRALIDAE,SH,EOPARARGYRACTIS,CB,,LEPIDOPTERA,ARTHROPODA,5,,EOPARARGYRACTIS,
10/27/2015,580,INVERTEBRATES,INSECTA,PHRYGANEIDAE,,BANKSIOLA,,,TRICHOPTERA,ARTHROPODA,,,BANKSIOLA,
10/27/2015,581,INVERTEBRATES,CLITELLATA,HIRUDINIDAE,,,,,ARHYNCHOBDELLIDA,ANNELIDA,,,HIRUDINIDAE,
10/27/2015,582,INVERTEBRATES,CLITELLATA,HIRUDINIDAE,,MACROBDELLA,,,ARHYNCHOBDELLIDA,ANNELIDA,,MACROBDELLINAE,MACROBDELLA,
10/27/2015,583,INVERTEBRATES,INSECTA,EPHEMERELLIDAE,,DENTATELLA,,,EPHEMEROPTERA,ARTHROPODA,,,DENTATELLA,
10/27/2015,584,INVERTEBRATES,CLITELLATA,HAEMOPIDAE,,HAEMOPIS,,,ARHYNCHOBDELLIDA,ANNELIDA,,,HAEMOPIS,
10/27/2015,585,INVERTEBRATES,INSECTA,CHIRONOMIDAE,CG,ACAMPTOCLADIUS,"BU,SP",,DIPTERA,ARTHROPODA,,ORTHOCLADIINAE,ACAMPTOCLADIUS,
10/27/2015,586,INVERTEBRATES,INSECTA,HELICOPSYCHIDAE,PR,HELICOPSYCHE,CN,,TRICHOPTERA,ARTHROPODA,2.8,,HELICOPSYCHE,
10/27/2015,587,INVERTEBRATES,INSECTA,PSEPHENIDAE,SC,PSEPHENUS,CN,,COLEOPTERA,ARTHROPODA,4.1,PSEPHENINAE,PSEPHENUS,
10/27/2015,588,INVERTEBRATES,INSECTA,CHIRONOMIDAE,SH,XYLOTOPUS,BU,,DIPTERA,ARTHROPODA,4,ORTHOCLADIINAE,XYLOTOPUS,ORTHOCLADIINI/METRIOCNEMINI
10/27/2015,589,INVERTEBRATES,BIVALVIA,UNIONIDAE,,PYGANODON,,,UNIONOIDA,MOLLUSCA,,,PYGANODON,
10/27/2015,590,INVERTEBRATES,INSECTA,EPHEMERIDAE,CG,EPHEMERA,BU,,EPHEMEROPTERA,ARTHROPODA,3.1,,EPHEMERA,
10/27/2015,591,INVERTEBRATES,INSECTA,EMPIDIDAE,PR,,SP,,DIPTERA,ARTHROPODA,6.1,,EMPIDIDAE,
10/27/2015,592,INVERTEBRATES,INSECTA,LEPTOCERIDAE,,SETODES,,,TRICHOPTERA,ARTHROPODA,,,SETODES,
10/27/2015,593,INVERTEBRATES,INSECTA,HEPTAGENIIDAE,,MACCAFFERTIUM,,,EPHEMEROPTERA,ARTHROPODA,,,MACCAFFERTIUM,
10/27/2015,594,INVERTEBRATES,INSECTA,CHIRONOMIDAE,,NEOSTEMPELLINA,,,DIPTERA,ARTHROPODA,,CHIRONOMINAE,NEOSTEMPELLINA,TANYTARSINI
10/27/2015,595,INVERTEBRATES,INSECTA,CORYDALIDAE,,CHAULIODES,,,MEGALOPTERA,ARTHROPODA,,CHAULIODINAE,CHAULIODES,
10/27/2015,596,INVERTEBRATES,INSECTA,BAETIDAE,"SC,SH",PARACLOEODES,SW,,EPHEMEROPTERA,ARTHROPODA,5,,PARACLOEODES,
10/27/2015,597,INVERTEBRATES,INSECTA,CHIRONOMIDAE,CG,UNNIELLA,BU,,DIPTERA,ARTHROPODA,4,ORTHOCLADIINAE,UNNIELLA,
10/27/2015,598,INVERTEBRATES,INSECTA,BAETIDAE,SH,ACERPENNA,"SW,CN",,EPHEMEROPTERA,ARTHROPODA,4,,ACERPENNA,
10/27/2015,599,INVERTEBRATES,INSECTA,HYDROPSYCHIDAE,CF,CHEUMATOPSYCHE,CN,,TRICHOPTERA,ARTHROPODA,5.5,HYDROPSYCHINAE,CHEUMATOPSYCHE,
10/27/2015,600,INVERTEBRATES,INSECTA,CHIRONOMIDAE,PR,PENTANEURA,SP,,DIPTERA,ARTHROPODA,5.6,TANYPODINAE,PENTANEURA,PENTANEURINI
10/27/2015,601,INVERTEBRATES,INSECTA,LEPTOHYPHIDAE,"CG,SH",TRICORYTHODES,SP,,EPHEMEROPTERA,ARTHROPODA,4,,TRICORYTHODES,
10/27/2015,602,INVERTEBRATES,GASTROPODA,PLANORBIDAE,SC,PLANORBULA,CB,,BASOMMATOPHORA,MOLLUSCA,,,PLANORBULA,
10/27/2015,603,INVERTEBRATES,CLITELLATA,GLOSSIPHONIIDAE,,ACTINOBDELLA,,,RHYNCHOBDELLIDA,ANNELIDA,,,ACTINOBDELLA,
10/27/2015,604,INVERTEBRATES,INSECTA,STRATIOMYIDAE,CG,STRATIOMYS,SP,,DIPTERA,ARTHROPODA,,,STRATIOMYS,
10/27/2015,605,INVERTEBRATES,INSECTA,CHIRONOMIDAE,,ACRICOTOPUS,SP,,DIPTERA,ARTHROPODA,,ORTHOCLADIINAE,ACRICOTOPUS,
10/27/2015,606,INVERTEBRATES,INSECTA,HEPTAGENIIDAE,SC,ECDYONURUS,CN,,EPHEMEROPTERA,ARTHROPODA,,,ECDYONURUS,
10/27/2015,607,INVERTEBRATES,INSECTA,HYDRAENIDAE,,OCHTHEBIUS,,,COLEOPTERA,ARTHROPODA,,,OCHTHEBIUS,
10/27/2015,608,INVERTEBRATES,INSECTA,SIPHLONURIDAE,,,,,EPHEMEROPTERA,ARTHROPODA,,,SIPHLONURIDAE,
10/27/2015,609,INVERTEBRATES,INSECTA,HYDROPHILIDAE,PI,LACCOBIUS,CN,,COLEOPTERA,ARTHROPODA,7,HYDROPHILINAE,LACCOBIUS,LACCOBIINI
10/27/2015,610,INVERTEBRATES,BRANCHIOPODA,ARTEMIIDAE,,ARTEMIA,,,ANOSTRACA,ARTHROPODA,,,ARTEMIA,
10/27/2015,611,INVERTEBRATES,INSECTA,CHIRONOMIDAE,CG,CHAETOCLADIUS,SP,,DIPTERA,ARTHROPODA,2.2,ORTHOCLADIINAE,CHAETOCLADIUS,ORTHOCLADIINI/METRIOCNEMINI
10/27/2015,612,INVERTEBRATES,CLITELLATA,LUMBRICULIDAE,,STYLODRILUS,,,LUMBRICULIDA,ANNELIDA,,,STYLODRILUS,
10/27/2015,613,INVERTEBRATES,INSECTA,CHIRONOMIDAE,CG,GYMNOMETRIOCNEMUS,SP,,DIPTERA,ARTHROPODA,7,ORTHOCLADIINAE,GYMNOMETRIOCNEMUS,ORTHOCLADIINI/METRIOCNEMINI
10/27/2015,614,INVERTEBRATES,INSECTA,CERATOPOGONIDAE,SC,FORCIPOMYIA,BU,,DIPTERA,ARTHROPODA,4.4,FORCIPOMYIINAE,FORCIPOMYIA,
10/27/2015,615,INVERTEBRATES,MALACOSTRACA,GAMMARIDAE,,,,,AMPHIPODA,ARTHROPODA,,,GAMMARIDAE,
10/27/2015,616,INVERTEBRATES,INSECTA,CHAOBORIDAE,PR,,SP,,DIPTERA,ARTHROPODA,7.3,,CHAOBORIDAE,
10/27/2015,617,INVERTEBRATES,INSECTA,PSYCHODIDAE,CG,,BU,,DIPTERA,ARTHROPODA,,,PSYCHODIDAE,
10/27/2015,618,INVERTEBRATES,INSECTA,HEPTAGENIIDAE,SC,LEUCROCUTA,CN,,EPHEMEROPTERA,ARTHROPODA,2.6,,LEUCROCUTA,
10/27/2015,619,INVERTEBRATES,INSECTA,CORYDALIDAE,PR,NIGRONIA,CN,,MEGALOPTERA,ARTHROPODA,2.8,CHAULIODINAE,NIGRONIA,
10/27/2015,620,INVERTEBRATES,INSECTA,CALOPTERYGIDAE,PR,CALOPTERYX,CB,,ODONATA,ARTHROPODA,6,,CALOPTERYX,
10/27/2015,621,INVERTEBRATES,INSECTA,DYTISCIDAE,PR,MATUS,"SW,DV",,COLEOPTERA,ARTHROPODA,,MATINAE,MATUS,MATINI
10/27/2015,622,INVERTEBRATES,GASTROPODA,VIVIPARIDAE,,,,,ARCHITAENIOGLOSSA,MOLLUSCA,,,VIVIPARIDAE,
10/27/2015,623,INVERTEBRATES,INSECTA,DYTISCIDAE,PR,GRAPHODERUS,SW,,COLEOPTERA,ARTHROPODA,,,GRAPHODERUS,
10/27/2015,624,INVERTEBRATES,INSECTA,CHIRONOMIDAE,,CYPHOMELLA,,,DIPTERA,ARTHROPODA,,CHIRONOMINAE,CYPHOMELLA,CHIRONOMINI
10/27/2015,625,INVERTEBRATES,INSECTA,CHIRONOMIDAE,CG,METRIOCNEMUS,SP,,DIPTERA,ARTHROPODA,7,ORTHOCLADIINAE,METRIOCNEMUS,ORTHOCLADIINI/METRIOCNEMINI
10/27/2015,626,INVERTEBRATES,INSECTA,BAETIDAE,CG,BAETIS,BU,,EPHEMEROPTERA,ARTHROPODA,3,,BAETIS,
10/27/2015,627,INVERTEBRATES,INSECTA,CHIRONOMIDAE,CG,PARACLADIUS,SP,,DIPTERA,ARTHROPODA,,ORTHOCLADIINAE,PARACLADIUS,ORTHOCLADIINI/METRIOCNEMINI
10/27/2015,628,INVERTEBRATES,INSECTA,PERLIDAE,PR,NEOPERLA,CN,,PLECOPTERA,ARTHROPODA,2,,NEOPERLA,
10/27/2015,629,INVERTEBRATES,INSECTA,PERLIDAE,PR,PERLINELLA,,,PLECOPTERA,ARTHROPODA,,,PERLINELLA,
10/27/2015,630,INVERTEBRATES,INSECTA,LEUCTRIDAE,,LEUCTRA,,,PLECOPTERA,ARTHROPODA,,,LEUCTRA,
10/27/2015,631,INVERTEBRATES,INSECTA,CERATOPOGONIDAE,"PR,CG",STILOBEZZIA,"SP,BU,PK",,DIPTERA,ARTHROPODA,6,CERATOPOGONINAE,STILOBEZZIA,
10/27/2015,632,INVERTEBRATES,MALACOSTRACA,CRANGONYCTIDAE,,STYGOBROMUS,,,AMPHIPODA,ARTHROPODA,,,STYGOBROMUS,
10/27/2015,633,INVERTEBRATES,INSECTA,DYTISCIDAE,PR,THERMONECTUS,"SW,CB",,COLEOPTERA,ARTHROPODA,,DYTISCINAE,THERMONECTUS,
10/27/2015,634,INVERTEBRATES,INSECTA,CHIRONOMIDAE,PR,APSECTROTANYPUS,BU,,DIPTERA,ARTHROPODA,1.3,TANYPODINAE,APSECTROTANYPUS,MACROPELOPIINI
10/27/2015,635,INVERTEBRATES,INSECTA,DYTISCIDAE,,LACCORNIS,"SW,CB",,COLEOPTERA,ARTHROPODA,,HYDROPORINAE,LACCORNIS,
10/27/2015,636,INVERTEBRATES,INSECTA,LESTIDAE,PR,,CB,,ODONATA,ARTHROPODA,9,,LESTIDAE,
10/27/2015,637,INVERTEBRATES,INSECTA,LIMNEPHILIDAE,SH,AMPHICOSMOECUS,SP,,TRICHOPTERA,ARTHROPODA,4,,AMPHICOSMOECUS,
10/27/2015,638,INVERTEBRATES,INSECTA,LIMNEPHILIDAE,,HALESOCHILA,,,TRICHOPTERA,ARTHROPODA,,,HALESOCHILA,
10/27/2015,639,INVERTEBRATES,INSECTA,TIPULIDAE,PR,PEDICIA,BU,,DIPTERA,ARTHROPODA,6,,PEDICIA,
10/27/2015,640,INVERTEBRATES,INSECTA,TIPULIDAE,CG,ORMOSIA,BU,,DIPTERA,ARTHROPODA,6.5,,ORMOSIA,
10/27/2015,641,INVERTEBRATES,INSECTA,CHIRONOMIDAE,,EPOICOCLADIUS,,,DIPTERA,ARTHROPODA,,ORTHOCLADIINAE,EPOICOCLADIUS,
10/27/2015,643,INVERTEBRATES,MALACOSTRACA,ANISOGAMMARIDAE,,RAMELLOGAMMARUS,,,AMPHIPODA,ARTHROPODA,,,RAMELLOGAMMARUS,
10/27/2015,644,INVERTEBRATES,INSECTA,CHIRONOMIDAE,CF,SUBLETTEA,,,DIPTERA,ARTHROPODA,6,CHIRONOMINAE,SUBLETTEA,TANYTARSINI
10/27/2015,645,INVERTEBRATES,INSECTA,CORDULIIDAE,PR,CORDULIA,"CB, SP",,ODONATA,ARTHROPODA,,CORDULIINAE,CORDULIA,
10/27/2015,646,INVERTEBRATES,INSECTA,SYRPHIDAE,,,,,DIPTERA,ARTHROPODA,,,SYRPHIDAE,
10/27/2015,647,INVERTEBRATES,INSECTA,PERLIDAE,PR,CALINEURIA,CN,,PLECOPTERA,ARTHROPODA,3,,CALINEURIA,
10/27/2015,648,INVERTEBRATES,INSECTA,NEMOURIDAE,SH,MALENKA,SP,,PLECOPTERA,ARTHROPODA,,,MALENKA,
10/27/2015,649,INVERTEBRATES,GASTROPODA,PLEUROCERIDAE,,JUGA,,,NEOTAENIOGLOSSA,MOLLUSCA,,,JUGA,
10/27/2015,650,INVERTEBRATES,INSECTA,PHRYGANEIDAE,SH,PTILOSTOMIS,CN,,TRICHOPTERA,ARTHROPODA,4,PHRYGANEINAE,PTILOSTOMIS,
10/27/2015,651,INVERTEBRATES,INSECTA,CHIRONOMIDAE,SH,BRILLIA,BU,,DIPTERA,ARTHROPODA,4.6,ORTHOCLADIINAE,BRILLIA,ORTHOCLADIINI/METRIOCNEMINI
10/27/2015,652,INVERTEBRATES,INSECTA,CHLOROPERLIDAE,PR,,CN,,PLECOPTERA,ARTHROPODA,1.1,,CHLOROPERLIDAE,
10/27/2015,653,INVERTEBRATES,INSECTA,LIMNEPHILIDAE,,GRAMMOTAULIUS,,,TRICHOPTERA,ARTHROPODA,,,GRAMMOTAULIUS,
10/27/2015,654,INVERTEBRATES,ARACHNIDA,SPERCHONTIDAE,PR,SPERCHON,CB,,TROMBIDIFORMES,ARTHROPODA,8,,SPERCHON,
10/27/2015,655,INVERTEBRATES,BIVALVIA,UNIONIDAE,CF,ANODONTA,BU,,UNIONOIDA,MOLLUSCA,8,UNIONINAE,ANODONTA,
10/27/2015,656,INVERTEBRATES,ARACHNIDA,LIMNESIIDAE,PR,TYRRELLIA,,,TROMBIDIFORMES,ARTHROPODA,8,,TYRRELLIA,
10/27/2015,657,INVERTEBRATES,GASTROPODA,ANCYLIDAE,SC,HEBETANCYLUS,,,BASOMMATOPHORA,MOLLUSCA,,,HEBETANCYLUS,
10/27/2015,658,INVERTEBRATES,CLITELLATA,NAIDIDAE,,STEPHENSONIANA,,,HAPLOTAXIDA,ANNELIDA,,,STEPHENSONIANA,
10/27/2015,659,INVERTEBRATES,,,,,,,,,,,NO_MACROINVERTEBRATES_IN_SAMPLE,
10/27/2015,660,INVERTEBRATES,CLITELLATA,NAIDIDAE,,BRANCHIODRILUS,,,HAPLOTAXIDA,ANNELIDA,,,BRANCHIODRILUS,
10/27/2015,661,INVERTEBRATES,CLITELLATA,TUBIFICIDAE,CG,TUBIFEX,,,HAPLOTAXIDA,ANNELIDA,,,TUBIFEX,
10/27/2015,662,INVERTEBRATES,INSECTA,CHIRONOMIDAE,,SYNENDOTENDIPES,,,DIPTERA,ARTHROPODA,,CHIRONOMINAE,SYNENDOTENDIPES,CHIRONOMINI
10/27/2015,663,INVERTEBRATES,CLITELLATA,NAIDIDAE,CG,PARANAIS,,,HAPLOTAXIDA,ANNELIDA,,,PARANAIS,
10/27/2015,664,INVERTEBRATES,INSECTA,CHIRONOMIDAE,,BILYJOMYIA,,,DIPTERA,ARTHROPODA,,TANYPODINAE,BILYJOMYIA,PENTANEURINI
10/27/2015,665,INVERTEBRATES,INSECTA,STRATIOMYIDAE,,CALOPARYPHUS/EUPARYPHUS,,,DIPTERA,ARTHROPODA,,,CALOPARYPHUS/EUPARYPHUS,
10/27/2015,666,INVERTEBRATES,INSECTA,PHILOPOTAMIDAE,CF,CHIMARRA,CN,,TRICHOPTERA,ARTHROPODA,3,CHIMARRINAE,CHIMARRA,
10/27/2015,667,INVERTEBRATES,INSECTA,APATANIIDAE,SC,APATANIA,,,TRICHOPTERA,ARTHROPODA,1,,APATANIA,
10/27/2015,668,INVERTEBRATES,INSECTA,CHIRONOMIDAE,CG,LOPESCLADIUS,BU,,DIPTERA,ARTHROPODA,8,ORTHOCLADIINAE,LOPESCLADIUS,ORTHOCLADIINI/METRIOCNEMINI
10/27/2015,669,INVERTEBRATES,INSECTA,ELMIDAE,SC,PROMORESIA,CN,,COLEOPTERA,ARTHROPODA,2.4,,PROMORESIA,
10/27/2015,670,INVERTEBRATES,INSECTA,CHIRONOMIDAE,CG,SMITTIA,BU,,DIPTERA,ARTHROPODA,2,ORTHOCLADIINAE,SMITTIA,ORTHOCLADIINI/METRIOCNEMINI
10/27/2015,671,INVERTEBRATES,INSECTA,TIPULIDAE,PR,PILARIA,,,DIPTERA,ARTHROPODA,7,,PILARIA,
10/27/2015,672,INVERTEBRATES,INSECTA,EMPIDIDAE,,CHELIFERA/METACHELA,,,DIPTERA,ARTHROPODA,,,CHELIFERA/METACHELA,
10/27/2015,673,INVERTEBRATES,INSECTA,TIPULIDAE,SH,TIPULA,,,DIPTERA,ARTHROPODA,4,,TIPULA,
10/27/2015,674,INVERTEBRATES,INSECTA,LIMNEPHILIDAE,SH,DICOSMOECUS,,,TRICHOPTERA,ARTHROPODA,1,,DICOSMOECUS,
10/27/2015,675,INVERTEBRATES,GASTROPODA,HYDROBIIDAE,,POTAMOPYRGUS,,,NEOTAENIOGLOSSA,MOLLUSCA,,,POTAMOPYRGUS,
10/27/2015,676,INVERTEBRATES,ARACHNIDA,PIONIDAE,,PIONOPSIS,,,TROMBIDIFORMES,ARTHROPODA,,,PIONOPSIS,
10/27/2015,677,INVERTEBRATES,INSECTA,HALIPLIDAE,PR,BRYCHIUS,CN,,COLEOPTERA,ARTHROPODA,7,,BRYCHIUS,
10/27/2015,678,INVERTEBRATES,INSECTA,TIPULIDAE,,PHALACROCERA,,,DIPTERA,ARTHROPODA,,,PHALACROCERA,
10/27/2015,679,INVERTEBRATES,INSECTA,TIPULIDAE,PR,LIMNOPHILA,BU,,DIPTERA,ARTHROPODA,4,,LIMNOPHILA,
10/27/2015,680,INVERTEBRATES,INSECTA,NEMOURIDAE,,ZAPADA,,,PLECOPTERA,ARTHROPODA,,,ZAPADA,
10/27/2015,682,INVERTEBRATES,INSECTA,ELMIDAE,CG,MICROCYLLOEPUS,CN,,COLEOPTERA,ARTHROPODA,3.1,,MICROCYLLOEPUS,
10/27/2015,683,INVERTEBRATES,INSECTA,GOMPHIDAE,PR,PROGOMPHUS,BU,,ODONATA,ARTHROPODA,1,,PROGOMPHUS,
10/27/2015,684,INVERTEBRATES,GASTROPODA,LYMNAEIDAE,,ACELLA,,,BASOMMATOPHORA,MOLLUSCA,,,ACELLA,
10/27/2015,685,INVERTEBRATES,MALACOSTRACA,ASELLIDAE,CG,,SP,,ISOPODA,ARTHROPODA,8,,ASELLIDAE,
10/27/2015,686,INVERTEBRATES,INSECTA,CHIRONOMIDAE,CG,SAETHERIA,BU,,DIPTERA,ARTHROPODA,4.9,CHIRONOMINAE,SAETHERIA,CHIRONOMINI
10/27/2015,687,INVERTEBRATES,INSECTA,LEPTOPHLEBIIDAE,,NEOCHOROTERPES,,,EPHEMEROPTERA,ARTHROPODA,,,NEOCHOROTERPES,
10/27/2015,688,INVERTEBRATES,INSECTA,GOMPHIDAE,PR,OPHIOGOMPHUS,BU,,ODONATA,ARTHROPODA,1,,OPHIOGOMPHUS,
10/27/2015,689,INVERTEBRATES,INSECTA,CAPNIIDAE,SH,,SP,,PLECOPTERA,ARTHROPODA,1.2,CAPNIINAE,CAPNIIDAE,
10/27/2015,690,INVERTEBRATES,CLITELLATA,PISCICOLIDAE,,PISCICOLA,,,RHYNCHOBDELLIDA,ANNELIDA,,,PISCICOLA,
10/27/2015,691,INVERTEBRATES,INSECTA,CHIRONOMIDAE,CG,DIAMESA,SP,,DIPTERA,ARTHROPODA,2,DIAMESINAE,DIAMESA,DIAMESINI
10/27/2015,692,INVERTEBRATES,INSECTA,CHIRONOMIDAE,,CORYNOCERA,,,DIPTERA,ARTHROPODA,,CHIRONOMINAE,CORYNOCERA,TANYTARSINI
10/27/2015,4877,INVERTEBRATES,INSECTA,BAETIDAE,CG,ACENTRELLA,SW,,EPHEMEROPTERA,ARTHROPODA,4,,ACENTRELLA,
10/27/2015,4878,INVERTEBRATES,INSECTA,PERLIDAE,PR,ACRONEURIA,CN,,PLECOPTERA,ARTHROPODA,1.8,ACRONEURIINAE,ACRONEURIA,ACRONEURIINI
10/27/2015,4879,INVERTEBRATES,INSECTA,CULICIDAE,"CF,CG",AEDES,SW,,DIPTERA,ARTHROPODA,8,,AEDES,
10/27/2015,4880,INVERTEBRATES,POLYCHAETA,AEOLOSOMATIDAE,,AEOLOSOMA,,,AEOLOSOMATIDA,ANNELIDA,,,AEOLOSOMA,
10/27/2015,4881,INVERTEBRATES,POLYCHAETA,NEREIDIDAE,,ALITTA,,,ACICULATA,ANNELIDA,,,ALITTA,
10/27/2015,4882,INVERTEBRATES,INSECTA,CERATOPOGONIDAE,PR,ALLUAUDOMYIA,,,DIPTERA,ARTHROPODA,,CERATOPOGONINAE,ALLUAUDOMYIA,CERATOPOGONINI
10/27/2015,4883,INVERTEBRATES,GASTROPODA,HYDROBIIDAE,,AMNICOLA,,,NEOTAENIOGLOSSA,MOLLUSCA,,AMNICOLINAE,AMNICOLA,
10/27/2015,4884,INVERTEBRATES,INSECTA,CULICIDAE,CF,ANOPHELES,SW,,DIPTERA,ARTHROPODA,8,,ANOPHELES,
10/27/2015,4885,INVERTEBRATES,INSECTA,TIPULIDAE,CG,ANTOCHA,CN,,DIPTERA,ARTHROPODA,4,LIMONIINAE,ANTOCHA,
10/27/2015,4886,INVERTEBRATES,INSECTA,GOMPHIDAE,"CG,PR",APHYLLA,BU,,ODONATA,ARTHROPODA,1,,APHYLLA,
10/27/2015,4887,INVERTEBRATES,INSECTA,BAETIDAE,SH,APOBAETIS,SW,,EPHEMEROPTERA,ARTHROPODA,4,,APOBAETIS,
10/27/2015,4888,INVERTEBRATES,ARACHNIDA,ATURIDAE,PR,ATURUS,CB,,TROMBIDIFORMES,ARTHROPODA,8,,ATURUS,
10/27/2015,4889,INVERTEBRATES,INSECTA,BAETISCIDAE,CG,BAETISCA,SW,,EPHEMEROPTERA,ARTHROPODA,2.6,,BAETISCA,
10/27/2015,4890,INVERTEBRATES,GASTROPODA,BITHYNIIDAE,,BITHYNIA,,,NEOTAENIOGLOSSA,MOLLUSCA,,,BITHYNIA,
10/27/2015,4891,INVERTEBRATES,BIVALVIA,,CF,,BU,,,MOLLUSCA,,,BIVALVIA,
10/27/2015,4892,INVERTEBRATES,INSECTA,CHIRONOMIDAE,CG,BOREOHEPTAGYIA,CN,,DIPTERA,ARTHROPODA,,DIAMESINAE,BOREOHEPTAGYIA,BOREOHEPTAGYIINI
10/27/2015,4893,INVERTEBRATES,INSECTA,BRACHYCENTRIDAE,CF,BRACHYCENTRUS,CN,,TRICHOPTERA,ARTHROPODA,1.8,,BRACHYCENTRUS,
10/27/2015,4894,INVERTEBRATES,INSECTA,NOTONECTIDAE,PR,BUENOA,SW,Y,HEMIPTERA,ARTHROPODA,,,BUENOA,
10/27/2015,4895,INVERTEBRATES,INSECTA,CORIXIDAE,,CALLICORIXA,,Y,HEMIPTERA,ARTHROPODA,,CORIXINAE,CALLICORIXA,CORIXINI
10/27/2015,4896,INVERTEBRATES,INSECTA,BAETIDAE,SH,CAMELOBAETIDIUS,SW,,EPHEMEROPTERA,ARTHROPODA,4,,CAMELOBAETIDIUS,
10/27/2015,4897,INVERTEBRATES,INSECTA,CORIXIDAE,,CENOCORIXA,SW,Y,HEMIPTERA,ARTHROPODA,,CORIXINAE,CENOCORIXA,CORIXINI
10/27/2015,4898,INVERTEBRATES,INSECTA,LEPTOPHLEBIIDAE,"CG,PR",CHOROTERPES,CN,,EPHEMEROPTERA,ARTHROPODA,2,,CHOROTERPES,
10/27/2015,4899,INVERTEBRATES,INSECTA,COENAGRIONIDAE,"CF,CG,PR",CHROMAGRION,CB,,ODONATA,ARTHROPODA,2,,CHROMAGRION,
10/27/2015,4900,INVERTEBRATES,INSECTA,DYTISCIDAE,PR,COPELATUS,SW,,COLEOPTERA,ARTHROPODA,5,COPELATINAE,COPELATUS,COPELATINI
10/27/2015,4901,INVERTEBRATES,INSECTA,TIPULIDAE,SH,CRYPTOLABIS,BU,,DIPTERA,ARTHROPODA,3,,CRYPTOLABIS,
10/27/2015,4902,INVERTEBRATES,INSECTA,CULICIDAE,CF,CULEX,SW,,DIPTERA,ARTHROPODA,6,,CULEX,
10/27/2015,4903,INVERTEBRATES,INSECTA,CORIXIDAE,,CYMATIA,,Y,HEMIPTERA,ARTHROPODA,,,CYMATIA,
10/27/2015,4904,INVERTEBRATES,INSECTA,CORIXIDAE,,DASYCORIXA,,Y,HEMIPTERA,ARTHROPODA,,,DASYCORIXA,
10/27/2015,4905,INVERTEBRATES,INSECTA,TAENIOPTERYGIDAE,,DODDSIA,,,PLECOPTERA,ARTHROPODA,,,DODDSIA,
10/27/2015,4906,INVERTEBRATES,INSECTA,CHRYSOMELIDAE,,DONACIA,CN,,COLEOPTERA,ARTHROPODA,,,DONACIA,
10/27/2015,4907,INVERTEBRATES,INSECTA,EPHEMERELLIDAE,"PR,SC",DRUNELLA,CN,,EPHEMEROPTERA,ARTHROPODA,1.2,,DRUNELLA,
10/27/2015,4908,INVERTEBRATES,GASTROPODA,PLEUROCERIDAE,SC,ELIMIA,CB,,NEOTAENIOGLOSSA,MOLLUSCA,,,ELIMIA,
10/27/2015,4909,INVERTEBRATES,INSECTA,ELMIDAE,CG,,CN,,COLEOPTERA,ARTHROPODA,4.3,,ELMIDAE,
10/27/2015,4910,INVERTEBRATES,INSECTA,HEPTAGENIIDAE,"CG,PR,SC",EPEORUS,CN,,EPHEMEROPTERA,ARTHROPODA,1.4,,EPEORUS,
10/27/2015,4911,INVERTEBRATES,INSECTA,GOMPHIDAE,PR,ERPETOGOMPHUS,BU,,ODONATA,ARTHROPODA,1,,ERPETOGOMPHUS,
10/27/2015,4912,INVERTEBRATES,BIVALVIA,PISIDIIDAE,CF,EUPERA,BU,,VENEROIDA,MOLLUSCA,6.9,EUPERINAE,EUPERA,
10/27/2015,4913,INVERTEBRATES,INSECTA,PHRYGANEIDAE,,FABRIA,,,TRICHOPTERA,ARTHROPODA,,PHRYGANEINAE,FABRIA,
10/27/2015,4914,INVERTEBRATES,INSECTA,BAETIDAE,SH,FALLCEON,SW,,EPHEMEROPTERA,ARTHROPODA,3.2,,FALLCEON,
10/27/2015,4915,INVERTEBRATES,ARACHNIDA,FELTRIIDAE,PR,FELTRIA,,,TROMBIDIFORMES,ARTHROPODA,,,FELTRIA,
10/27/2015,4916,INVERTEBRATES,GASTROPODA,HYDROBIIDAE,,FLORIDOBIA,,,NEOTAENIOGLOSSA,MOLLUSCA,,,FLORIDOBIA,
10/27/2015,4917,INVERTEBRATES,INSECTA,GERRIDAE,PR,,SK,Y,HEMIPTERA,ARTHROPODA,,,GERRIDAE,
10/27/2015,4918,INVERTEBRATES,MALACOSTRACA,GRAPSIDAE,,,,,DECAPODA,ARTHROPODA,,,GRAPSIDAE,
10/27/2015,4919,INVERTEBRATES,INSECTA,CORIXIDAE,PR,GRAPTOCORIXA,SW,Y,HEMIPTERA,ARTHROPODA,8,CORIXINAE,GRAPTOCORIXA,GRAPTOCORIXINI
10/27/2015,4920,INVERTEBRATES,INSECTA,GYRINIDAE,PR,,SW,,COLEOPTERA,ARTHROPODA,5.2,,GYRINIDAE,
10/27/2015,4921,INVERTEBRATES,INSECTA,PERLIDAE,PR,HANSONOPERLA,CN,,PLECOPTERA,ARTHROPODA,,ACRONEURIINAE,HANSONOPERLA,ACRONEURIINI
10/27/2015,4922,INVERTEBRATES,CLITELLATA,,CG,,BU,,HAPLOTAXIDA,ANNELIDA,6,,HAPLOTAXIDA,
10/27/2015,4923,INVERTEBRATES,INSECTA,CORDULIIDAE,"PR,SH",HELOCORDULIA,SP,,ODONATA,ARTHROPODA,4.8,,HELOCORDULIA,
10/27/2015,4924,INVERTEBRATES,INSECTA,HELOPHORIDAE,SH,HELOPHORUS,SW,,COLEOPTERA,ARTHROPODA,7,,HELOPHORUS,
10/27/2015,4925,INVERTEBRATES,INSECTA,ELMIDAE,,HEXACYLLOEPUS,CN,,COLEOPTERA,ARTHROPODA,,,HEXACYLLOEPUS,
10/27/2015,4926,INVERTEBRATES,INSECTA,HYDRAENIDAE,PR,HYDRAENA,CN,,COLEOPTERA,ARTHROPODA,5,,HYDRAENA,
10/27/2015,4927,INVERTEBRATES,INSECTA,HYDROPTILIDAE,PR,ITHYTRICHIA,CN,,TRICHOPTERA,ARTHROPODA,,,ITHYTRICHIA,
10/27/2015,4928,INVERTEBRATES,ARACHNIDA,ATURIDAE,PR,KONGSBERGIA,CB,,TROMBIDIFORMES,ARTHROPODA,8,,KONGSBERGIA,
10/27/2015,4929,INVERTEBRATES,ARACHNIDA,KRENDOWSKIIDAE,PR,,CN,,TROMBIDIFORMES,ARTHROPODA,8,,KRENDOWSKIIDAE,
10/27/2015,4930,INVERTEBRATES,INSECTA,LEPTOHYPHIDAE,CG,,CN,,EPHEMEROPTERA,ARTHROPODA,,,LEPTOHYPHIDAE,
10/27/2015,4931,INVERTEBRATES,GASTROPODA,VIVIPARIDAE,SC,LIOPLAX,,,ARCHITAENIOGLOSSA,MOLLUSCA,,,LIOPLAX,
10/27/2015,4932,INVERTEBRATES,GASTROPODA,HYDROBIIDAE,,LITTORIDINOPS,,,NEOTAENIOGLOSSA,MOLLUSCA,,COCHLIOPINAE,LITTORIDINOPS,
10/27/2015,4933,INVERTEBRATES,BRANCHIOPODA,LYNCEIDAE,CF,LYNCEUS,SW,,DIPLOSTRACA,ARTHROPODA,8,,LYNCEUS,
10/27/2015,4934,INVERTEBRATES,INSECTA,PSYCHOMYIIDAE,SC,LYPE,BU,,TRICHOPTERA,ARTHROPODA,2.8,,LYPE,
10/27/2015,4935,INVERTEBRATES,CLITELLATA,GLOSSIPHONIIDAE,,MARVINMEYERIA,,,RHYNCHOBDELLIDA,ANNELIDA,,,MARVINMEYERIA,
10/27/2015,4936,INVERTEBRATES,INSECTA,BRACHYCENTRIDAE,SH,MICRASEMA,CN,,TRICHOPTERA,ARTHROPODA,0.9,,MICRASEMA,
10/27/2015,4937,INVERTEBRATES,INSECTA,CORIXIDAE,,MICRONECTA,,Y,HEMIPTERA,ARTHROPODA,,,MICRONECTA,
10/27/2015,4938,INVERTEBRATES,ARACHNIDA,MOMONIIDAE,PR,MOMONIA,,,TROMBIDIFORMES,ARTHROPODA,,,MOMONIA,
10/27/2015,4939,INVERTEBRATES,INSECTA,CHIRONOMIDAE,PR,MONOPELOPIA,SP,,DIPTERA,ARTHROPODA,7,TANYPODINAE,MONOPELOPIA,PENTANEURINI
10/27/2015,4940,INVERTEBRATES,CLITELLATA,PISCICOLIDAE,PA,MYZOBDELLA,,,RHYNCHOBDELLIDA,ANNELIDA,,,MYZOBDELLA,
10/27/2015,4941,INVERTEBRATES,INSECTA,ELMIDAE,,NARPUS,CN,,COLEOPTERA,ARTHROPODA,3.8,,NARPUS,
10/27/2015,4942,INVERTEBRATES,ARACHNIDA,PIONIDAE,PR,NAUTARACHNA,,,TROMBIDIFORMES,ARTHROPODA,8,,NAUTARACHNA,
10/27/2015,4943,INVERTEBRATES,INSECTA,DYTISCIDAE,,NEBRIOPORUS,,,COLEOPTERA,ARTHROPODA,,,NEBRIOPORUS,
10/27/2015,4944,INVERTEBRATES,INSECTA,STRATIOMYIDAE,CG,NEMOTELUS,SP,,DIPTERA,ARTHROPODA,4,,NEMOTELUS,
10/27/2015,4945,INVERTEBRATES,INSECTA,ELMIDAE,,NEOELMIS,CN,,COLEOPTERA,ARTHROPODA,,,NEOELMIS,
10/27/2015,4946,INVERTEBRATES,INSECTA,NEPIDAE,,,,,HEMIPTERA,ARTHROPODA,,,NEPIDAE,
10/27/2015,4947,INVERTEBRATES,INSECTA,CHIRONOMIDAE,PR,NILOTANYPUS,SP,,DIPTERA,ARTHROPODA,4.6,TANYPODINAE,NILOTANYPUS,
10/27/2015,4948,INVERTEBRATES,GASTROPODA,HYDROBIIDAE,,NOTOGILLIA,,,NEOTAENIOGLOSSA,MOLLUSCA,,,NOTOGILLIA,
10/27/2015,4949,INVERTEBRATES,INSECTA,NOTERIDAE,,NOTOMICRUS,BU,,COLEOPTERA,ARTHROPODA,,NOTERINAE,NOTOMICRUS,
10/27/2015,4950,INVERTEBRATES,INSECTA,STRATIOMYIDAE,CG,ODONTOMYIA,SP,,DIPTERA,ARTHROPODA,,,ODONTOMYIA,
10/27/2015,4951,INVERTEBRATES,INSECTA,ELMIDAE,SC,OULIMNIUS,CN,,COLEOPTERA,ARTHROPODA,3.2,,OULIMNIUS,
10/27/2015,4952,INVERTEBRATES,INSECTA,STRATIOMYIDAE,,OXYCERA,SP,,DIPTERA,ARTHROPODA,7,,OXYCERA,
10/27/2015,4953,INVERTEBRATES,MALACOSTRACA,PALAEMONIDAE,CG,,SP,,DECAPODA,ARTHROPODA,6,,PALAEMONIDAE,
10/27/2015,4954,INVERTEBRATES,INSECTA,HYDROPHILIDAE,PR,PARACYMUS,CN,,COLEOPTERA,ARTHROPODA,1.9,,PARACYMUS,
10/27/2015,4955,INVERTEBRATES,INSECTA,CHIRONOMIDAE,CG,PARORTHOCLADIUS,SP,,DIPTERA,ARTHROPODA,2,ORTHOCLADIINAE,PARORTHOCLADIUS,ORTHOCLADIINI/METRIOCNEMINI
10/27/2015,4956,INVERTEBRATES,MALACOSTRACA,PENAEIDAE,,,,,DECAPODA,ARTHROPODA,,,PENAEIDAE,
10/27/2015,4957,INVERTEBRATES,MALACOSTRACA,OEDICEROTIDAE,,PERIOCULODES,,,AMPHIPODA,ARTHROPODA,,,PERIOCULODES,
10/27/2015,4958,INVERTEBRATES,INSECTA,PHILOPOTAMIDAE,CF,,CN,,TRICHOPTERA,ARTHROPODA,3.2,,PHILOPOTAMIDAE,
10/27/2015,4959,INVERTEBRATES,CLITELLATA,PISCICOLIDAE,,,,,RHYNCHOBDELLIDA,ANNELIDA,,,PISCICOLIDAE,
10/27/2015,4960,INVERTEBRATES,BIVALVIA,PISIDIIDAE,CF,,BU,,VENEROIDA,MOLLUSCA,8,,PISIDIIDAE,
10/27/2015,4961,INVERTEBRATES,TURBELLARIA,PLANARIIDAE,,POLYCELIS,SP,,TRICLADIDA,PLATYHELMINTHES,6.8,,POLYCELIS,
10/27/2015,4962,INVERTEBRATES,INSECTA,POLYMITARCYIDAE,CG,,BU,,EPHEMEROPTERA,ARTHROPODA,2,,POLYMITARCYIDAE,
10/27/2015,4963,INVERTEBRATES,INSECTA,CHIRONOMIDAE,CG,PRODIAMESA,SP,,DIPTERA,ARTHROPODA,4.7,PRODIAMESINAE,PRODIAMESA,
10/27/2015,4964,INVERTEBRATES,INSECTA,BAETIDAE,CG,PSEUDOCENTROPTILOIDES,CN,,EPHEMEROPTERA,ARTHROPODA,2.8,,PSEUDOCENTROPTILOIDES,
10/27/2015,4965,INVERTEBRATES,ARACHNIDA,TORRENTICOLIDAE,PR,,CB,,TROMBIDIFORMES,ARTHROPODA,8,,TORRENTICOLIDAE,
10/27/2015,4966,INVERTEBRATES,INSECTA,BAETIDAE,"SC,SH,CG",PSEUDOCLOEON,SW,,EPHEMEROPTERA,ARTHROPODA,4,,PSEUDOCLOEON,
10/27/2015,4967,INVERTEBRATES,BIVALVIA,UNIONIDAE,CF,TOXOLASMA,BU,,UNIONOIDA,MOLLUSCA,,,TOXOLASMA,
10/27/2015,4968,INVERTEBRATES,INSECTA,TIPULIDAE,PR,PSEUDOLIMNOPHILA,BU,,DIPTERA,ARTHROPODA,7,,PSEUDOLIMNOPHILA,
10/27/2015,4969,INVERTEBRATES,CLITELLATA,TUBIFICIDAE,CG,TRASSERKIDRILUS,,,HAPLOTAXIDA,ANNELIDA,,,TRASSERKIDRILUS,
10/27/2015,4970,INVERTEBRATES,GASTROPODA,LYMNAEIDAE,"CG,SC",PSEUDOSUCCINEA,CB,,BASOMMATOPHORA,MOLLUSCA,7.2,LYMNAEINAE,PSEUDOSUCCINEA,
10/27/2015,4971,INVERTEBRATES,INSECTA,CHIRONOMIDAE,CG,TVETENIA,SP,,DIPTERA,ARTHROPODA,5,ORTHOCLADIINAE,TVETENIA,ORTHOCLADIINI/METRIOCNEMINI
10/27/2015,4972,INVERTEBRATES,INSECTA,PYRALIDAE,SH,,SP,,LEPIDOPTERA,ARTHROPODA,4.5,,PYRALIDAE,
10/27/2015,4973,INVERTEBRATES,INSECTA,DYTISCIDAE,"PR,SH",UVARUS,SW,,COLEOPTERA,ARTHROPODA,5,,UVARUS,
10/27/2015,4974,INVERTEBRATES,GASTROPODA,HYDROBIIDAE,,PYRGOPHORUS,,,NEOTAENIOGLOSSA,MOLLUSCA,,COCHLIOPINAE,PYRGOPHORUS,
10/27/2015,4975,INVERTEBRATES,INSECTA,LEPTOCERIDAE,SH,YLODES,SW,,TRICHOPTERA,ARTHROPODA,,LEPTOCERINAE,YLODES,TRIAENODINI
10/27/2015,4977,INVERTEBRATES,INSECTA,HEPTAGENIIDAE,"PR,SC",RHITHROGENA,CN,,EPHEMEROPTERA,ARTHROPODA,5.1,,RHITHROGENA,
10/27/2015,4978,INVERTEBRATES,INSECTA,RHYACOPHILIDAE,PR,RHYACOPHILA,CN,,TRICHOPTERA,ARTHROPODA,1.5,,RHYACOPHILA,
10/27/2015,4979,INVERTEBRATES,INSECTA,SCIRTIDAE,SH,SCIRTES,CB,,COLEOPTERA,ARTHROPODA,6,,SCIRTES,
10/27/2015,4980,INVERTEBRATES,INSECTA,SIMULIIDAE,CF,,CN,,DIPTERA,ARTHROPODA,5.9,,SIMULIIDAE,
10/27/2015,4981,INVERTEBRATES,INSECTA,METRETOPODIDAE,PR,SIPHLOPLECTON,"CN,SW",,EPHEMEROPTERA,ARTHROPODA,2,,SIPHLOPLECTON,
10/27/2015,4982,INVERTEBRATES,GASTROPODA,HYDROBIIDAE,,SOMATOGYRUS,,,NEOTAENIOGLOSSA,MOLLUSCA,,,SOMATOGYRUS,
10/27/2015,4983,INVERTEBRATES,ARACHNIDA,SPERCHONIDAE,PR,SPERCHONOPSIS,CB,,TROMBIDIFORMES,ARTHROPODA,8,,SPERCHONOPSIS,
10/27/2015,4984,INVERTEBRATES,INSECTA,CHLOROPERLIDAE,PR,SUWALLIA,CN,,PLECOPTERA,ARTHROPODA,,CHLOROPERLINAE,SUWALLIA,
10/27/2015,4985,INVERTEBRATES,MALACOSTRACA,CRANGONYCTIDAE,CG,SYNURELLA,SP,,AMPHIPODA,ARTHROPODA,4,,SYNURELLA,
10/27/2015,4986,INVERTEBRATES,INSECTA,COENAGRIONIDAE,PR,TELEBASIS,CB,,ODONATA,ARTHROPODA,,,TELEBASIS,
10/27/2015,4987,INVERTEBRATES,INSECTA,LEPTOPHLEBIIDAE,PR,THRAULODES,CN,,EPHEMEROPTERA,ARTHROPODA,,,THRAULODES,
10/27/2015,4988,INVERTEBRATES,ARACHNIDA,THYASIDAE,PR,THYOPSIS,,,TROMBIDIFORMES,ARTHROPODA,,,THYOPSIS,
10/27/2015,4989,INVERTEBRATES,ARACHNIDA,HYDRYPHANTIDAE,,THYOPSOIDES,,,TROMBIDIFORMES,ARTHROPODA,,,THYOPSOIDES,
10/27/2015,4990,INVERTEBRATES,INSECTA,NEMOURIDAE,SH,AMPHINEMURA,"CN,SP",,PLECOPTERA,ARTHROPODA,3.6,AMPHINEMURINAE,AMPHINEMURA,
10/27/2015,4991,INVERTEBRATES,INSECTA,,,,,,COLEOPTERA,ARTHROPODA,,,COLEOPTERA,
10/27/2015,4992,INVERTEBRATES,INSECTA,GOMPHIDAE,,STYLOGOMPHUS,,,ODONATA,ARTHROPODA,,,STYLOGOMPHUS,
10/27/2015,4993,INVERTEBRATES,INSECTA,CALOPTERYGIDAE,,HETAERINA,,,ODONATA,ARTHROPODA,,,HETAERINA,
10/27/2015,4994,INVERTEBRATES,INSECTA,POLYMITARCYIDAE,,EPHORON,,,EPHEMEROPTERA,ARTHROPODA,,,EPHORON,
10/27/2015,4995,INVERTEBRATES,CLITELLATA,NAIDIDAE,,TELMATODRILUS,,,HAPLOTAXIDA,ANNELIDA,,,TELMATODRILUS,
10/27/2015,4996,INVERTEBRATES,INSECTA,CHIRONOMIDAE,,PLATYSMITTIA,,,DIPTERA,ARTHROPODA,,ORTHOCLADIINAE,PLATYSMITTIA,
10/27/2015,4997,INVERTEBRATES,INSECTA,DRYOPIDAE,,HELICHUS,,,COLEOPTERA,ARTHROPODA,,,HELICHUS,
10/27/2015,4998,INVERTEBRATES,INSECTA,POLYCENTROPODIDAE,,NEURECLIPSIS,,,TRICHOPTERA,ARTHROPODA,,,NEURECLIPSIS,
10/27/2015,4999,INVERTEBRATES,CLITELLATA,NAIDIDAE,,PIGUETIELLA,,,HAPLOTAXIDA,ANNELIDA,,,PIGUETIELLA,
10/27/2015,5000,INVERTEBRATES,,,,,,,,ANNELIDA,,,ANNELIDA,
10/27/2015,5001,INVERTEBRATES,INSECTA,STRATIOMYIDAE,CG,,SP,,DIPTERA,ARTHROPODA,7.3,,STRATIOMYIDAE,
